HHID,2015,2016,2017,2018,2019
40113014,1217.440947,1192.977921,1237.237969,1207.417485,1271.955722
40113010,1217.440947,1192.977921,1237.237969,1207.417485,1271.955722
40113017,1217.440947,1192.977921,1237.237969,1207.417485,1271.955722
40113011,1217.440947,1192.977921,1237.237969,1207.417485,1271.955722
40113013,1217.440947,1192.977921,1237.237969,1207.417485,1271.955722
1740213002,1217.440947,1192.977921,1237.237969,1207.417485,1271.955722
40113006,1217.440947,1192.977921,1237.237969,1207.417485,1271.955722
40113018,1217.440947,1192.977921,1237.237969,1207.417485,1271.955722
40113005,1217.440947,1192.977921,1237.237969,1207.417485,1271.955722
40113003,1217.440947,1192.977921,1237.237969,1207.417485,1271.955722
40113004,1217.440947,1192.977921,1237.237969,1207.417485,1271.955722
1740213001,1217.440947,1192.977921,1237.237969,1207.417485,1271.955722
1740213004,1217.440947,1192.977921,1237.237969,1207.417485,1271.955722
1840109001,1217.440947,1192.977921,1237.237969,1207.417485,1271.955722
40113012,1217.440947,1192.977921,1237.237969,1207.417485,1271.955722
40113008,1217.440947,1192.977921,1237.237969,1207.417485,1271.955722
999999992,1217.440947,1192.977921,1237.237969,1207.417485,1271.955722
40213001,1217.440947,1192.977921,1237.237969,1207.417485,1271.955722
40213002,1217.440947,1192.977921,1237.237969,1207.417485,1271.955722
40113016,1217.440947,1192.977921,1237.237969,1207.417485,1271.955722
40113001,1217.440947,1192.977921,1237.237969,1207.417485,1271.955722
40113007,1217.440947,1192.977921,1237.237969,1207.417485,1271.955722
1840109002,1217.440947,1192.977921,1237.237969,1207.417485,1271.955722
40113002,1217.440947,1192.977921,1237.237969,1207.417485,1271.955722
1740213003,1217.440947,1192.977921,1237.237969,1207.417485,1271.955722
40113015,1217.440947,1192.977921,1237.237969,1207.417485,1271.955722
40113009,1217.440947,1192.977921,1237.237969,1207.417485,1271.955722
1840103002,1195.714027,1136.213856,1268.483113,1168.183869,1240.233379
40109015,1195.714027,1136.213856,1268.483113,1168.183869,1240.233379
40109012,1195.714027,1136.213856,1268.483113,1168.183869,1240.233379
1840103003,1152.686161,1092.584985,1234.326046,1127.301271,1196.001581
40109014,1152.686161,1092.584985,1234.326046,1127.301271,1196.001581
40109007,1152.686161,1092.584985,1234.326046,1127.301271,1196.001581
40109004,1152.686161,1092.584985,1234.326046,1127.301271,1196.001581
40109011,1152.686161,1092.584985,1234.326046,1127.301271,1196.001581
40109018,1152.686161,1092.584985,1234.326046,1127.301271,1196.001581
1840103004,1152.686161,1092.584985,1234.326046,1127.301271,1196.001581
1740209001,1109.658296,1048.956114,1200.168979,1086.418673,1151.769783
40109003,1109.658296,1048.956114,1200.168979,1086.418673,1151.769783
40109008,1109.658296,1048.956114,1200.168979,1086.418673,1151.769783
40109010,1109.658296,1048.956114,1200.168979,1086.418673,1151.769783
40109001,1109.658296,1048.956114,1200.168979,1086.418673,1151.769783
1840103001,1109.658296,1048.956114,1200.168979,1086.418673,1151.769783
40109006,1109.658296,1048.956114,1200.168979,1086.418673,1151.769783
40109013,1109.658296,1048.956114,1200.168979,1086.418673,1151.769783
40109017,1109.658296,1048.956114,1200.168979,1086.418673,1151.769783
40109002,1109.658296,1048.956114,1200.168979,1086.418673,1151.769783
40109005,1109.658296,1048.956114,1200.168979,1086.418673,1151.769783
40109009,1109.658296,1048.956114,1200.168979,1086.418673,1151.769783
40109016,1109.658296,1048.956114,1200.168979,1086.418673,1151.769783
1840135001,1245.914742,1026.087258,1260.160604,1126.269211,1283.116825
1740239002,1245.914742,1026.087258,1260.160604,1126.269211,1283.116825
40139002,1245.914742,1026.087258,1260.160604,1126.269211,1283.116825
40139007,1245.914742,1026.087258,1260.160604,1126.269211,1283.116825
1740239001,1245.914742,1026.087258,1260.160604,1126.269211,1283.116825
40139014,1245.914742,1026.087258,1260.160604,1126.269211,1283.116825
40139001,1245.914742,1026.087258,1260.160604,1126.269211,1283.116825
40139008,1245.914742,1026.087258,1260.160604,1126.269211,1283.116825
40139021,1245.914742,1026.087258,1260.160604,1126.269211,1283.116825
40139011,1233.298956,1042.812092,1285.988997,1130.243836,1261.929881
40139013,1245.914742,1026.087258,1260.160604,1126.269211,1283.116825
40139018,1245.914742,1026.087258,1260.160604,1126.269211,1283.116825
40139020,1233.298956,1042.812092,1285.988997,1130.243836,1261.929881
40139022,1245.914742,1026.087258,1260.160604,1126.269211,1283.116825
1840135002,1233.298956,1042.812092,1285.988997,1130.243836,1261.929881
40139005,1233.298956,1042.812092,1285.988997,1130.243836,1261.929881
40139016,1233.298956,1042.812092,1285.988997,1130.243836,1261.929881
9940139022,1233.298956,1042.812092,1285.988997,1130.243836,1261.929881
40139017,1245.914742,1026.087258,1260.160604,1126.269211,1283.116825
40139012,1245.914742,1026.087258,1260.160604,1126.269211,1283.116825
40139003,1245.914742,1026.087258,1260.160604,1126.269211,1283.116825
40139006,1245.914742,1026.087258,1260.160604,1126.269211,1283.116825
40139009,1245.914742,1026.087258,1260.160604,1126.269211,1283.116825
1740239004,1245.914742,1026.087258,1260.160604,1126.269211,1283.116825
40139004,1245.914742,1026.087258,1260.160604,1126.269211,1283.116825
40139010,1245.914742,1026.087258,1260.160604,1126.269211,1283.116825
40139019,1245.914742,1026.087258,1260.160604,1126.269211,1283.116825
40139015,1245.914742,1026.087258,1260.160604,1126.269211,1283.116825
40137009,1225.480898,1004.293887,1226.432588,1113.688259,1257.750464
40137003,1225.480898,1004.293887,1226.432588,1113.688259,1257.750464
40137011,1225.480898,1004.293887,1226.432588,1113.688259,1257.750464
40137016,1225.480898,1004.293887,1226.432588,1113.688259,1257.750464
40137020,1225.480898,1004.293887,1226.432588,1113.688259,1257.750464
1840133001,1235.42957,1025.039915,1252.295925,1147.273262,1291.718398
40137002,1235.42957,1025.039915,1252.295925,1147.273262,1291.718398
40137007,1235.42957,1025.039915,1252.295925,1147.273262,1291.718398
40137021,1235.42957,1025.039915,1252.295925,1147.273262,1291.718398
40137017,1235.42957,1025.039915,1252.295925,1147.273262,1291.718398
40137013,1235.42957,1025.039915,1252.295925,1147.273262,1291.718398
40137004,1235.42957,1025.039915,1252.295925,1147.273262,1291.718398
40137010,1235.42957,1025.039915,1252.295925,1147.273262,1291.718398
40137006,1235.42957,1025.039915,1252.295925,1147.273262,1291.718398
40137022,1235.42957,1025.039915,1252.295925,1147.273262,1291.718398
40137015,973.0668293,958.8926436,1083.918802,1005.995697,1034.206729
1840133003,1235.42957,1025.039915,1252.295925,1147.273262,1291.718398
40223006,1050.636346,995.0193613,1115.938782,1108.339732,1183.928294
1840320001,1050.636346,995.0193613,1115.938782,1108.339732,1183.928294
40223018,1050.636346,995.0193613,1115.938782,1108.339732,1183.928294
40223017,1050.636346,995.0193613,1115.938782,1108.339732,1183.928294
40223013,1050.636346,995.0193613,1115.938782,1108.339732,1183.928294
40223001,1050.636346,995.0193613,1115.938782,1108.339732,1183.928294
40223011,1050.636346,995.0193613,1115.938782,1108.339732,1183.928294
40223019,1050.636346,995.0193613,1115.938782,1108.339732,1183.928294
40223014,1050.636346,995.0193613,1115.938782,1108.339732,1183.928294
40223007,1050.636346,995.0193613,1115.938782,1108.339732,1183.928294
40223002,1050.636346,995.0193613,1115.938782,1108.339732,1183.928294
40223009,1050.636346,995.0193613,1115.938782,1108.339732,1183.928294
40223015,1043.229559,1016.805055,1155.146864,1118.257773,1177.599953
40223016,1043.229559,1016.805055,1155.146864,1118.257773,1177.599953
40223003,1050.636346,995.0193613,1115.938782,1108.339732,1183.928294
40223012,1050.636346,995.0193613,1115.938782,1108.339732,1183.928294
40223010,1050.636346,995.0193613,1115.938782,1108.339732,1183.928294
40223004,994.8023744,967.9867251,1086.969123,1083.318179,1165.987061
1840324001,960.5746651,894.3104856,1046.081582,1026.838959,1035.87725
40231022,960.5746651,894.3104856,1046.081582,1026.838959,1035.87725
40231009,960.5746651,894.3104856,1046.081582,1026.838959,1035.87725
40231005,960.5746651,894.3104856,1046.081582,1026.838959,1035.87725
40231008,960.5746651,894.3104856,1046.081582,1026.838959,1035.87725
40231016,960.5746651,894.3104856,1046.081582,1026.838959,1035.87725
40231011,960.5746651,894.3104856,1046.081582,1026.838959,1035.87725
40231004,960.5746651,894.3104856,1046.081582,1026.838959,1035.87725
1740331001,960.5746651,894.3104856,1046.081582,1026.838959,1035.87725
1740331002,963.1701002,893.7775331,1049.478906,1021.230901,1031.098385
40231015,960.5746651,894.3104856,1046.081582,1026.838959,1035.87725
40231020,960.5746651,894.3104856,1046.081582,1026.838959,1035.87725
40231012,960.5746651,894.3104856,1046.081582,1026.838959,1035.87725
40231002,965.7655354,893.2445805,1052.87623,1015.622843,1026.31952
40231021,960.5746651,894.3104856,1046.081582,1026.838959,1035.87725
40231007,963.1701002,893.7775331,1049.478906,1021.230901,1031.098385
40231003,965.7655354,893.2445805,1052.87623,1015.622843,1026.31952
40231017,960.5746651,894.3104856,1046.081582,1026.838959,1035.87725
40231006,965.7655354,893.2445805,1052.87623,1015.622843,1026.31952
40231010,965.7655354,893.2445805,1052.87623,1015.622843,1026.31952
40231018,965.7655354,893.2445805,1052.87623,1015.622843,1026.31952
40231001,963.1701002,893.7775331,1049.478906,1021.230901,1031.098385
40231014,965.7655354,893.2445805,1052.87623,1015.622843,1026.31952
40229021,991.6241353,918.2590265,1126.635188,1052.204671,1122.361968
40229009,991.6241353,918.2590265,1126.635188,1052.204671,1122.361968
40229008,991.6241353,918.2590265,1126.635188,1052.204671,1122.361968
40229015,991.6241353,918.2590265,1126.635188,1052.204671,1122.361968
40229012,991.6241353,918.2590265,1126.635188,1052.204671,1122.361968
40229016,991.6241353,918.2590265,1126.635188,1052.204671,1122.361968
40229007,991.6241353,918.2590265,1126.635188,1052.204671,1122.361968
1840321001,991.6241353,918.2590265,1126.635188,1052.204671,1122.361968
40229020,991.6241353,918.2590265,1126.635188,1052.204671,1122.361968
40229018,991.6241353,918.2590265,1126.635188,1052.204671,1122.361968
40229002,991.6241353,918.2590265,1126.635188,1052.204671,1122.361968
40229014,991.6241353,918.2590265,1126.635188,1052.204671,1122.361968
40229001,991.6241353,918.2590265,1126.635188,1052.204671,1122.361968
40229010,991.6241353,918.2590265,1126.635188,1052.204671,1122.361968
1740329001,991.6241353,918.2590265,1126.635188,1052.204671,1122.361968
40229019,991.6241353,918.2590265,1126.635188,1052.204671,1122.361968
40229017,991.6241353,918.2590265,1126.635188,1052.204671,1122.361968
40229003,991.6241353,918.2590265,1126.635188,1052.204671,1122.361968
40229013,991.6241353,918.2590265,1126.635188,1052.204671,1122.361968
40229004,991.6241353,918.2590265,1126.635188,1052.204671,1122.361968
40229006,991.6241353,918.2590265,1126.635188,1052.204671,1122.361968
40229011,991.6241353,918.2590265,1126.635188,1052.204671,1122.361968
40229005,991.6241353,918.2590265,1126.635188,1052.204671,1122.361968
1740335003,1023.521541,915.233472,1132.965985,1091.856599,1122.663318
40235013,1023.521541,915.233472,1132.965985,1091.856599,1122.663318
40235019,1023.521541,915.233472,1132.965985,1091.856599,1122.663318
40235004,1023.521541,915.233472,1132.965985,1091.856599,1122.663318
40235005,1023.521541,915.233472,1132.965985,1091.856599,1122.663318
40235003,1023.521541,915.233472,1132.965985,1091.856599,1122.663318
40235006,1023.521541,915.233472,1132.965985,1091.856599,1122.663318
40235020,1288.324291,1312.444734,1557.949653,1395.72117,1625.023636
1840331002,1023.521541,915.233472,1132.965985,1091.856599,1122.663318
40229022,1288.324291,1312.444734,1557.949653,1395.72117,1625.023636
40235007,1288.324291,1312.444734,1557.949653,1395.72117,1625.023636
40235012,1023.521541,915.233472,1132.965985,1091.856599,1122.663318
40235016,1288.324291,1312.444734,1557.949653,1395.72117,1625.023636
40235015,1023.521541,915.233472,1132.965985,1091.856599,1122.663318
40235011,1023.521541,915.233472,1132.965985,1091.856599,1122.663318
30103019,886.7890196,800.0426285,1086.712038,907.8432252,1060.322069
30103017,886.7890196,800.0426285,1086.712038,907.8432252,1060.322069
30103013,886.7890196,800.0426285,1086.712038,907.8432252,1060.322069
30103003,827.5920997,835.1320105,1101.391354,950.0256963,1135.598979
30103014,832.2799718,817.8704104,1103.473303,942.3647006,1130.690034
1730103002,832.2799718,817.8704104,1103.473303,942.3647006,1130.690034
30103009,832.2799718,817.8704104,1103.473303,942.3647006,1130.690034
30103006,832.2799718,817.8704104,1103.473303,942.3647006,1130.690034
1730103001,832.2799718,817.8704104,1103.473303,942.3647006,1130.690034
30103018,832.2799718,817.8704104,1103.473303,942.3647006,1130.690034
30103011,832.2799718,817.8704104,1103.473303,942.3647006,1130.690034
30103012,832.2799718,817.8704104,1103.473303,942.3647006,1130.690034
30107002,832.2799718,817.8704104,1103.473303,942.3647006,1130.690034
30103001,832.2799718,817.8704104,1103.473303,942.3647006,1130.690034
30103005,835.5638618,838.0717607,1125.205719,942.3117289,1148.971786
30103004,833.9219168,827.9710855,1114.339511,942.3382147,1139.83091
30103008,750.2661705,733.3474256,1024.321558,801.9797524,851.1270146
30103021,835.5638618,838.0717607,1125.205719,942.3117289,1148.971786
30103007,835.5638618,838.0717607,1125.205719,942.3117289,1148.971786
30103010,815.2740362,836.1231217,1118.203466,939.1614063,1137.733865
30103015,833.9219168,827.9710855,1114.339511,942.3382147,1139.83091
50214020,1065.746529,1069.199594,1385.123559,1282.655898,1280.128938
50214015,1065.746529,1069.199594,1385.123559,1282.655898,1280.128938
50214002,1065.746529,1069.199594,1385.123559,1282.655898,1280.128938
1750214017,1065.746529,1069.199594,1385.123559,1282.655898,1280.128938
1750214015,1065.746529,1069.199594,1385.123559,1282.655898,1280.128938
50214007,1065.746529,1069.199594,1385.123559,1282.655898,1280.128938
50214008,1065.746529,1069.199594,1385.123559,1282.655898,1280.128938
50214001,1121.798399,1271.425135,1484.55791,1184.962962,1110.782669
50214011,1065.746529,1069.199594,1385.123559,1282.655898,1280.128938
50214017,1065.746529,1069.199594,1385.123559,1282.655898,1280.128938
50214013,1066.310212,1063.276686,1418.483899,1320.219742,1322.887605
1750214012,1066.310212,1063.276686,1418.483899,1320.219742,1322.887605
1750214008,1066.310212,1063.276686,1418.483899,1320.219742,1322.887605
50214004,1066.310212,1063.276686,1418.483899,1320.219742,1322.887605
50214010,1066.310212,1063.276686,1418.483899,1320.219742,1322.887605
50214006,1066.310212,1063.276686,1418.483899,1320.219742,1322.887605
50214016,1066.310212,1063.276686,1418.483899,1320.219742,1322.887605
50214012,1066.310212,1063.276686,1418.483899,1320.219742,1322.887605
1750214018,1066.310212,1063.276686,1418.483899,1320.219742,1322.887605
50214005,1066.310212,1063.276686,1418.483899,1320.219742,1322.887605
50214018,1066.310212,1063.276686,1418.483899,1320.219742,1322.887605
30133007,845.0679157,812.4127417,1179.293123,979.6718483,1147.911833
1730133002,845.0679157,812.4127417,1179.293123,979.6718483,1147.911833
30133016,845.0679157,812.4127417,1179.293123,979.6718483,1147.911833
30133019,845.0679157,812.4127417,1179.293123,979.6718483,1147.911833
30133013,845.0679157,812.4127417,1179.293123,979.6718483,1147.911833
30133004,845.0679157,812.4127417,1179.293123,979.6718483,1147.911833
30133009,845.0679157,812.4127417,1179.293123,979.6718483,1147.911833
1730133001,845.0679157,812.4127417,1179.293123,979.6718483,1147.911833
1830129004,818.7963722,800.8623486,1148.798722,949.7408984,1127.388231
1830129005,818.7963722,800.8623486,1148.798722,949.7408984,1127.388231
30133002,818.7963722,800.8623486,1148.798722,949.7408984,1127.388231
30133006,818.7963722,800.8623486,1148.798722,949.7408984,1127.388231
30133012,818.7963722,800.8623486,1148.798722,949.7408984,1127.388231
1830129003,818.7963722,800.8623486,1148.798722,949.7408984,1127.388231
30133010,818.7963722,800.8623486,1148.798722,949.7408984,1127.388231
1730133003,818.7963722,800.8623486,1148.798722,949.7408984,1127.388231
30133018,818.7963722,800.8623486,1148.798722,949.7408984,1127.388231
30133021,818.7963722,800.8623486,1148.798722,949.7408984,1127.388231
30133017,818.7963722,800.8623486,1148.798722,949.7408984,1127.388231
30133020,818.7963722,800.8623486,1148.798722,949.7408984,1127.388231
30133015,818.7963722,800.8623486,1148.798722,949.7408984,1127.388231
30133014,818.7963722,800.8623486,1148.798722,949.7408984,1127.388231
30133001,818.7963722,800.8623486,1148.798722,949.7408984,1127.388231
30133005,818.7963722,800.8623486,1148.798722,949.7408984,1127.388231
30133003,818.7963722,800.8623486,1148.798722,949.7408984,1127.388231
1830129002,818.7963722,800.8623486,1148.798722,949.7408984,1127.388231
30133011,818.7963722,800.8623486,1148.798722,949.7408984,1127.388231
30133008,818.7963722,800.8623486,1148.798722,949.7408984,1127.388231
50111015,1097.986395,1137.197739,1556.882412,1310.58617,1209.812172
50206009,1086.054769,1160.006119,1614.684077,1310.792255,1154.331194
50206007,1086.054769,1160.006119,1614.684077,1310.792255,1154.331194
50206015,1086.054769,1160.006119,1614.684077,1310.792255,1154.331194
50210004,1078.509328,1162.618217,1638.540053,1311.824312,1157.635511
1750206003,1078.509328,1162.618217,1638.540053,1311.824312,1157.635511
50206002,1078.509328,1162.618217,1638.540053,1311.824312,1157.635511
50206005,1070.963888,1165.230315,1662.396029,1312.856369,1160.939829
50206010,1070.963888,1165.230315,1662.396029,1312.856369,1160.939829
1750206005,1070.963888,1165.230315,1662.396029,1312.856369,1160.939829
50206014,1070.963888,1165.230315,1662.396029,1312.856369,1160.939829
50206008,1069.973916,1156.189637,1646.611605,1311.6673,1159.416055
50206004,1069.973916,1156.189637,1646.611605,1311.6673,1159.416055
1750206007,1070.963888,1165.230315,1662.396029,1312.856369,1160.939829
50206013,1070.963888,1165.230315,1662.396029,1312.856369,1160.939829
50206011,1070.963888,1165.230315,1662.396029,1312.856369,1160.939829
20106080,1070.963888,1165.230315,1662.396029,1312.856369,1160.939829
50206012,1068.983944,1147.148959,1630.82718,1310.478231,1157.892281
50206006,1070.963888,1165.230315,1662.396029,1312.856369,1160.939829
50206003,1070.963888,1165.230315,1662.396029,1312.856369,1160.939829
1750216002,1086.187122,1034.955592,1452.273766,1313.087062,1197.335707
50216013,1086.187122,1034.955592,1452.273766,1313.087062,1197.335707
50216010,1086.187122,1034.955592,1452.273766,1313.087062,1197.335707
1850112001,1086.187122,1034.955592,1452.273766,1313.087062,1197.335707
1750216003,1086.187122,1034.955592,1452.273766,1313.087062,1197.335707
50216002,1086.187122,1034.955592,1452.273766,1313.087062,1197.335707
50216019,1086.187122,1034.955592,1452.273766,1313.087062,1197.335707
50216017,1086.187122,1034.955592,1452.273766,1313.087062,1197.335707
50216006,1086.187122,1034.955592,1452.273766,1313.087062,1197.335707
50216003,1086.187122,1034.955592,1452.273766,1313.087062,1197.335707
1850212001,1086.187122,1034.955592,1452.273766,1313.087062,1197.335707
50216012,1086.187122,1034.955592,1452.273766,1313.087062,1197.335707
50216018,1086.187122,1034.955592,1452.273766,1313.087062,1197.335707
50216008,1086.187122,1034.955592,1452.273766,1313.087062,1197.335707
50216015,1066.94061,1036.179828,1456.728441,1294.008474,1187.118861
50216001,1086.187122,1034.955592,1452.273766,1313.087062,1197.335707
50216014,1086.187122,1034.955592,1452.273766,1313.087062,1197.335707
50216004,1066.94061,1036.179828,1456.728441,1294.008474,1187.118861
50216009,1066.94061,1036.179828,1456.728441,1294.008474,1187.118861
50216007,1086.187122,1034.955592,1452.273766,1313.087062,1197.335707
50216005,1066.94061,1036.179828,1456.728441,1294.008474,1187.118861
50216011,1066.94061,1036.179828,1456.728441,1294.008474,1187.118861
50216016,1066.94061,1036.179828,1456.728441,1294.008474,1187.118861
50216020,1066.94061,1036.179828,1456.728441,1294.008474,1187.118861
1750214024,1135.40859,1123.324395,1548.445792,1443.693176,1197.004585
1750214022,1135.40859,1123.324395,1548.445792,1443.693176,1197.004585
1750214003,1135.40859,1123.324395,1548.445792,1443.693176,1197.004585
1750214007,1120.316619,1121.336137,1531.05796,1441.903355,1223.935114
1750214014,1120.316619,1121.336137,1531.05796,1441.903355,1223.935114
1750214021,1120.316619,1121.336137,1531.05796,1441.903355,1223.935114
1750214006,1135.40859,1123.324395,1548.445792,1443.693176,1197.004585
1750214011,1120.316619,1121.336137,1531.05796,1441.903355,1223.935114
1750214023,1120.316619,1121.336137,1531.05796,1441.903355,1223.935114
1750214025,1120.316619,1121.336137,1531.05796,1441.903355,1223.935114
1750214009,1120.316619,1121.336137,1531.05796,1441.903355,1223.935114
1750214005,1120.316619,1121.336137,1531.05796,1441.903355,1223.935114
1750214004,1120.316619,1121.336137,1531.05796,1441.903355,1223.935114
1750214013,1120.316619,1121.336137,1531.05796,1441.903355,1223.935114
1750214026,1120.316619,1121.336137,1531.05796,1441.903355,1223.935114
1750214010,1120.316619,1121.336137,1531.05796,1441.903355,1223.935114
30127006,764.6416579,727.8561137,1065.255046,932.5113236,1116.706395
30127009,764.6416579,727.8561137,1065.255046,932.5113236,1116.706395
30127002,764.6416579,727.8561137,1065.255046,932.5113236,1116.706395
30127008,764.6416579,727.8561137,1065.255046,932.5113236,1116.706395
30127003,766.2294354,729.1627769,1056.053529,924.4774457,1125.745449
30127004,766.2294354,729.1627769,1056.053529,924.4774457,1125.745449
30127007,766.2294354,729.1627769,1056.053529,924.4774457,1125.745449
30127001,766.2294354,729.1627769,1056.053529,924.4774457,1125.745449
30127010,766.2294354,729.1627769,1056.053529,924.4774457,1125.745449
30127005,766.2294354,729.1627769,1056.053529,924.4774457,1125.745449
1750214001,1109.883374,1104.788668,1543.557313,1402.36662,1210.403691
1750214027,1109.883374,1104.788668,1543.557313,1402.36662,1210.403691
1750214002,1109.883374,1104.788668,1543.557313,1402.36662,1210.403691
1750214020,1109.883374,1104.788668,1543.557313,1402.36662,1210.403691
1750214019,1109.883374,1104.788668,1543.557313,1402.36662,1210.403691
30127012,766.2294354,729.1627769,1056.053529,924.4774457,1125.745449
30127011,766.2294354,729.1627769,1056.053529,924.4774457,1125.745449
30127017,766.2294354,729.1627769,1056.053529,924.4774457,1125.745449
30127013,766.2294354,729.1627769,1056.053529,924.4774457,1125.745449
30127015,766.2294354,729.1627769,1056.053529,924.4774457,1125.745449
30127016,766.2294354,729.1627769,1056.053529,924.4774457,1125.745449
1830125004,766.2294354,729.1627769,1056.053529,924.4774457,1125.745449
30127014,766.2294354,729.1627769,1056.053529,924.4774457,1125.745449
1830125001,766.2294354,729.1627769,1056.053529,924.4774457,1125.745449
30127018,766.2294354,729.1627769,1056.053529,924.4774457,1125.745449
1730127001,766.2294354,729.1627769,1056.053529,924.4774457,1125.745449
1830125006,766.2294354,729.1627769,1056.053529,924.4774457,1125.745449
1830125002,766.2294354,729.1627769,1056.053529,924.4774457,1125.745449
1830125003,766.2294354,729.1627769,1056.053529,924.4774457,1125.745449
1830125005,766.2294354,729.1627769,1056.053529,924.4774457,1125.745449
1750225003,1070.460123,1068.466249,1488.277432,1305.886147,1152.284962
50225015,1070.460123,1068.466249,1488.277432,1305.886147,1152.284962
50225016,1070.460123,1068.466249,1488.277432,1305.886147,1152.284962
50225008,1070.460123,1068.466249,1488.277432,1305.886147,1152.284962
50225010,1070.460123,1068.466249,1488.277432,1305.886147,1152.284962
50225017,1057.212824,1095.119013,1472.633729,1256.73898,1137.899938
50225011,1057.212824,1095.119013,1472.633729,1256.73898,1137.899938
50225006,1057.212824,1095.119013,1472.633729,1256.73898,1137.899938
50225002,1057.212824,1095.119013,1472.633729,1256.73898,1137.899938
50225005,1057.212824,1095.119013,1472.633729,1256.73898,1137.899938
50225001,1057.212824,1095.119013,1472.633729,1256.73898,1137.899938
50225012,1057.212824,1095.119013,1472.633729,1256.73898,1137.899938
50225018,1077.547086,1278.796018,1558.330904,1090.851003,1022.498813
50225020,1080.698124,1082.311772,1485.34053,1303.974509,1152.087462
1750225004,1057.212824,1095.119013,1472.633729,1256.73898,1137.899938
50225019,1080.698124,1082.311772,1485.34053,1303.974509,1152.087462
50225013,1080.698124,1082.311772,1485.34053,1303.974509,1152.087462
1750125001,1080.698124,1082.311772,1485.34053,1303.974509,1152.087462
50225014,1080.698124,1082.311772,1485.34053,1303.974509,1152.087462
50225009,1080.698124,1082.311772,1485.34053,1303.974509,1152.087462
50225004,1080.698124,1082.311772,1485.34053,1303.974509,1152.087462
50225003,1080.698124,1082.311772,1485.34053,1303.974509,1152.087462
50225007,1080.698124,1082.311772,1485.34053,1303.974509,1152.087462
1750125002,1080.698124,1082.311772,1485.34053,1303.974509,1152.087462
1850223001,1080.698124,1082.311772,1485.34053,1303.974509,1152.087462
1750225001,1057.212824,1095.119013,1472.633729,1256.73898,1137.899938
1730107003,847.787394,937.1632979,1300.229596,1025.947109,1152.148116
30107019,847.787394,937.1632979,1300.229596,1025.947109,1152.148116
30107005,847.787394,937.1632979,1300.229596,1025.947109,1152.148116
30107017,847.787394,937.1632979,1300.229596,1025.947109,1152.148116
30107013,944.1551671,891.9042974,1297.902073,1271.178811,1449.239501
30107006,847.787394,937.1632979,1300.229596,1025.947109,1152.148116
30107016,944.1551671,891.9042974,1297.902073,1271.178811,1449.239501
1730107001,847.787394,937.1632979,1300.229596,1025.947109,1152.148116
30107012,847.787394,937.1632979,1300.229596,1025.947109,1152.148116
30107020,847.787394,937.1632979,1300.229596,1025.947109,1152.148116
30107023,847.787394,937.1632979,1300.229596,1025.947109,1152.148116
30107010,944.1551671,891.9042974,1297.902073,1271.178811,1449.239501
30107007,794.0697858,880.9722097,1256.569612,966.9610965,1120.652055
30107011,794.0697858,880.9722097,1256.569612,966.9610965,1120.652055
30107008,794.0697858,880.9722097,1256.569612,966.9610965,1120.652055
30107004,794.0697858,880.9722097,1256.569612,966.9610965,1120.652055
30107003,794.0697858,880.9722097,1256.569612,966.9610965,1120.652055
30107014,794.0697858,880.9722097,1256.569612,966.9610965,1120.652055
30107018,794.0697858,880.9722097,1256.569612,966.9610965,1120.652055
30107021,794.0697858,880.9722097,1256.569612,966.9610965,1120.652055
30107024,817.4031032,892.5018778,1262.45604,970.7593819,1114.119025
30107015,866.8111253,964.3587368,1349.378121,1039.788339,1164.657836
1730107002,866.8111253,964.3587368,1349.378121,1039.788339,1164.657836
30107022,866.8111253,964.3587368,1349.378121,1039.788339,1164.657836
30107009,866.8111253,964.3587368,1349.378121,1039.788339,1164.657836
1830211002,861.4974089,843.8856537,1203.383992,934.0575733,884.4654558
50110017,1002.48224,1032.839944,1318.698321,1232.327497,1047.898777
1750110004,1002.48224,1032.839944,1318.698321,1232.327497,1047.898777
50110002,1002.48224,1032.839944,1318.698321,1232.327497,1047.898777
1750110005,1002.48224,1032.839944,1318.698321,1232.327497,1047.898777
50110011,1002.48224,1032.839944,1318.698321,1232.327497,1047.898777
50110013,1002.48224,1032.839944,1318.698321,1232.327497,1047.898777
50110018,1002.48224,1032.839944,1318.698321,1232.327497,1047.898777
1750110002,1002.48224,1032.839944,1318.698321,1232.327497,1047.898777
50110007,1002.48224,1032.839944,1318.698321,1232.327497,1047.898777
50110003,1002.48224,1032.839944,1318.698321,1232.327497,1047.898777
50110001,1002.48224,1032.839944,1318.698321,1232.327497,1047.898777
50110016,1002.48224,1032.839944,1318.698321,1232.327497,1047.898777
50210005,1002.48224,1032.839944,1318.698321,1232.327497,1047.898777
50110012,1002.48224,1032.839944,1318.698321,1232.327497,1047.898777
50110008,1002.48224,1032.839944,1318.698321,1232.327497,1047.898777
50110009,1002.48224,1032.839944,1318.698321,1232.327497,1047.898777
50110015,1002.48224,1032.839944,1318.698321,1232.327497,1047.898777
50110014,1002.48224,1032.839944,1318.698321,1232.327497,1047.898777
50110010,1002.48224,1032.839944,1318.698321,1232.327497,1047.898777
50110004,1002.48224,1032.839944,1318.698321,1232.327497,1047.898777
50110005,1002.48224,1032.839944,1318.698321,1232.327497,1047.898777
1750110003,1002.48224,1032.839944,1318.698321,1232.327497,1047.898777
1750110001,1002.48224,1032.839944,1318.698321,1232.327497,1047.898777
50110006,1003.077412,1015.362779,1303.348489,1212.278819,1048.561292
50141002,987.71843,973.9603773,1220.545146,1023.756789,1009.255735
50141001,987.71843,973.9603773,1220.545146,1023.756789,1009.255735
10228018,1010.77037,1306.180989,1636.154838,1102.897075,866.6966563
50206001,979.84237,1137.785647,1516.126978,1072.943574,891.0453197
50210002,979.84237,1137.785647,1516.126978,1072.943574,891.0453197
50210003,979.84237,1137.785647,1516.126978,1072.943574,891.0453197
50141008,976.5334434,989.303471,1181.310138,1022.62379,1027.346758
50141019,976.5334434,989.303471,1181.310138,1022.62379,1027.346758
50141013,976.5334434,989.303471,1181.310138,1022.62379,1027.346758
50141016,976.5334434,989.303471,1181.310138,1022.62379,1027.346758
50210001,987.9784586,1133.609105,1496.689826,1067.106665,893.1373439
50141003,959.1923826,989.3887661,1164.943294,1008.414292,1017.636372
50141009,959.1923826,989.3887661,1164.943294,1008.414292,1017.636372
50141021,959.1923826,989.3887661,1164.943294,1008.414292,1017.636372
50141014,959.1923826,989.3887661,1164.943294,1008.414292,1017.636372
1750141001,959.1923826,989.3887661,1164.943294,1008.414292,1017.636372
50141007,959.1923826,989.3887661,1164.943294,1008.414292,1017.636372
50141010,959.1923826,989.3887661,1164.943294,1008.414292,1017.636372
50141018,959.1923826,989.3887661,1164.943294,1008.414292,1017.636372
50141012,959.1923826,989.3887661,1164.943294,1008.414292,1017.636372
50141005,959.1923826,989.3887661,1164.943294,1008.414292,1017.636372
1820208004,1036.239661,1253.484691,1576.712778,1052.83621,912.3472256
50141022,959.1923826,989.3887661,1164.943294,1008.414292,1017.636372
50141017,959.1923826,989.3887661,1164.943294,1008.414292,1017.636372
1820208003,1036.239661,1253.484691,1576.712778,1052.83621,912.3472256
20206017,1036.239661,1253.484691,1576.712778,1052.83621,912.3472256
20206001,1036.239661,1253.484691,1576.712778,1052.83621,912.3472256
1850114001,957.2779279,996.4463197,1164.601862,1023.313992,1027.013545
50141015,957.2779279,996.4463197,1164.601862,1023.313992,1027.013545
50141023,957.2779279,996.4463197,1164.601862,1023.313992,1027.013545
20206016,1036.239661,1253.484691,1576.712778,1052.83621,912.3472256
20206009,1036.239661,1253.484691,1576.712778,1052.83621,912.3472256
20206004,1036.239661,1253.484691,1576.712778,1052.83621,912.3472256
20206006,1036.239661,1253.484691,1576.712778,1052.83621,912.3472256
20106075,1036.239661,1253.484691,1576.712778,1052.83621,912.3472256
50141006,957.2779279,996.4463197,1164.601862,1023.313992,1027.013545
50141011,959.1923826,989.3887661,1164.943294,1008.414292,1017.636372
50141020,959.1923826,989.3887661,1164.943294,1008.414292,1017.636372
1850114002,959.1923826,989.3887661,1164.943294,1008.414292,1017.636372
20206002,1036.239661,1253.484691,1576.712778,1052.83621,912.3472256
20206005,1036.239661,1253.484691,1576.712778,1052.83621,912.3472256
20206007,1036.239661,1253.484691,1576.712778,1052.83621,912.3472256
20206012,1036.239661,1253.484691,1576.712778,1052.83621,912.3472256
20206013,1061.329653,1243.293579,1594.570823,1046.804649,904.3655986
20206014,1061.329653,1243.293579,1594.570823,1046.804649,904.3655986
1820208002,1061.329653,1243.293579,1594.570823,1046.804649,904.3655986
20206010,1061.329653,1243.293579,1594.570823,1046.804649,904.3655986
1820208001,1061.329653,1243.293579,1594.570823,1046.804649,904.3655986
20106076,1061.329653,1243.293579,1594.570823,1046.804649,904.3655986
20206015,1061.329653,1243.293579,1594.570823,1046.804649,904.3655986
1850114003,948.0232232,1001.380655,1184.981646,1049.899376,1051.052253
50100004,957.9491601,989.5282207,1148.212995,1015.888342,1008.622983
50100012,957.9491601,989.5282207,1148.212995,1015.888342,1008.622983
50100021,957.9491601,989.5282207,1148.212995,1015.888342,1008.622983
50100018,957.9491601,989.5282207,1148.212995,1015.888342,1008.622983
50100014,957.9491601,989.5282207,1148.212995,1015.888342,1008.622983
20106009,1077.452898,1228.240792,1577.033122,1046.84345,900.1691823
50100007,957.9491601,989.5282207,1148.212995,1015.888342,1008.622983
50100003,957.9491601,989.5282207,1148.212995,1015.888342,1008.622983
50100008,957.9491601,989.5282207,1148.212995,1015.888342,1008.622983
50100017,957.9491601,989.5282207,1148.212995,1015.888342,1008.622983
1750100001,957.9491601,989.5282207,1148.212995,1015.888342,1008.622983
50100013,957.9491601,989.5282207,1148.212995,1015.888342,1008.622983
50100011,957.9491601,989.5282207,1148.212995,1015.888342,1008.622983
20106053,1019.689367,1198.634383,1516.517086,1030.229281,886.5449439
20106063,1019.689367,1198.634383,1516.517086,1030.229281,886.5449439
20106066,1019.689367,1198.634383,1516.517086,1030.229281,886.5449439
20106059,1019.689367,1198.634383,1516.517086,1030.229281,886.5449439
1750100003,957.9491601,989.5282207,1148.212995,1015.888342,1008.622983
20106054,1019.689367,1198.634383,1516.517086,1030.229281,886.5449439
20106057,1019.689367,1198.634383,1516.517086,1030.229281,886.5449439
20106061,1027.396717,1198.653353,1524.26591,1029.597532,880.2196439
20106069,1019.689367,1198.634383,1516.517086,1030.229281,886.5449439
1720106010,1019.689367,1198.634383,1516.517086,1030.229281,886.5449439
20106071,1019.689367,1198.634383,1516.517086,1030.229281,886.5449439
50100020,947.2107551,986.844382,1128.207704,1026.274318,994.4844888
1750100002,947.2107551,986.844382,1128.207704,1026.274318,994.4844888
50100006,947.2107551,986.844382,1128.207704,1026.274318,994.4844888
50100010,947.2107551,986.844382,1128.207704,1026.274318,994.4844888
20106070,1021.618351,1196.905292,1530.247691,1032.329858,871.796849
50100016,947.2107551,986.844382,1128.207704,1026.274318,994.4844888
50100001,947.2107551,986.844382,1128.207704,1026.274318,994.4844888
50100015,947.2107551,986.844382,1128.207704,1026.274318,994.4844888
1750111005,947.2107551,986.844382,1128.207704,1026.274318,994.4844888
9950100021,947.2107551,986.844382,1128.207704,1026.274318,994.4844888
50100019,947.2107551,986.844382,1128.207704,1026.274318,994.4844888
1750111006,947.2107551,986.844382,1128.207704,1026.274318,994.4844888
50100009,947.2107551,986.844382,1128.207704,1026.274318,994.4844888
50100005,947.2107551,986.844382,1128.207704,1026.274318,994.4844888
20106067,1021.618351,1196.905292,1530.247691,1032.329858,871.796849
50100002,947.2107551,986.844382,1128.207704,1026.274318,994.4844888
1720106020,1021.618351,1196.905292,1530.247691,1032.329858,871.796849
20106056,1021.618351,1196.905292,1530.247691,1032.329858,871.796849
1820218002,1038.206865,1238.899971,1538.162888,1027.35367,845.8202951
20206023,1038.206865,1238.899971,1538.162888,1027.35367,845.8202951
20106073,1021.618351,1196.905292,1530.247691,1032.329858,871.796849
20106068,1021.618351,1196.905292,1530.247691,1032.329858,871.796849
20106058,1021.618351,1196.905292,1530.247691,1032.329858,871.796849
20106062,1021.618351,1196.905292,1530.247691,1032.329858,871.796849
20206037,1038.206865,1238.899971,1538.162888,1027.35367,845.8202951
20206030,1029.280313,1207.64795,1558.359296,1047.912801,887.1723031
20206034,1029.280313,1207.64795,1558.359296,1047.912801,887.1723031
20206045,1029.280313,1207.64795,1558.359296,1047.912801,887.1723031
1720206003,1029.280313,1207.64795,1558.359296,1047.912801,887.1723031
20206021,1029.280313,1207.64795,1558.359296,1047.912801,887.1723031
20206026,1029.280313,1207.64795,1558.359296,1047.912801,887.1723031
20206033,1038.206865,1238.899971,1538.162888,1027.35367,845.8202951
20206027,1038.206865,1238.899971,1538.162888,1027.35367,845.8202951
20106077,1038.206865,1238.899971,1538.162888,1027.35367,845.8202951
20206032,1038.206865,1238.899971,1538.162888,1027.35367,845.8202951
20106064,1021.618351,1196.905292,1530.247691,1032.329858,871.796849
20206028,1038.206865,1238.899971,1538.162888,1027.35367,845.8202951
1820218001,1029.280313,1207.64795,1558.359296,1047.912801,887.1723031
20206020,1029.280313,1207.64795,1558.359296,1047.912801,887.1723031
20206022,1038.206865,1238.899971,1538.162888,1027.35367,845.8202951
20206036,1029.280313,1207.64795,1558.359296,1047.912801,887.1723031
1720206001,1029.280313,1207.64795,1558.359296,1047.912801,887.1723031
20206029,1029.280313,1207.64795,1558.359296,1047.912801,887.1723031
20106074,1021.618351,1196.905292,1530.247691,1032.329858,871.796849
20206024,1029.280313,1207.64795,1558.359296,1047.912801,887.1723031
20206019,1038.206865,1238.899971,1538.162888,1027.35367,845.8202951
20106055,1021.618351,1196.905292,1530.247691,1032.329858,871.796849
20106060,1021.618351,1196.905292,1530.247691,1032.329858,871.796849
20206025,1038.206865,1238.899971,1538.162888,1027.35367,845.8202951
1820218003,1038.206865,1238.899971,1538.162888,1027.35367,845.8202951
20206031,1038.206865,1238.899971,1538.162888,1027.35367,845.8202951
20206035,1038.206865,1238.899971,1538.162888,1027.35367,845.8202951
20206038,1038.206865,1238.899971,1538.162888,1027.35367,845.8202951
20106029,977.3195875,1227.230975,1555.411721,977.0695978,818.9812106
20206043,1037.810754,1238.363808,1542.667325,1038.00753,841.4709926
20106031,977.3195875,1227.230975,1555.411721,977.0695978,818.9812106
20106025,977.3195875,1227.230975,1555.411721,977.0695978,818.9812106
20106030,982.5137774,1224.719837,1536.331841,969.9360694,813.8930287
20106021,982.5137774,1224.719837,1536.331841,969.9360694,813.8930287
20106016,982.5137774,1224.719837,1536.331841,969.9360694,813.8930287
20106019,982.5137774,1224.719837,1536.331841,969.9360694,813.8930287
20206047,1036.799992,1230.335262,1539.411847,1040.92393,837.927831
20106015,982.5137774,1224.719837,1536.331841,969.9360694,813.8930287
1720106013,982.5137774,1224.719837,1536.331841,969.9360694,813.8930287
1720106014,987.7079674,1222.2087,1517.251962,962.8025411,808.8048467
20106022,987.7079674,1222.2087,1517.251962,962.8025411,808.8048467
20206052,1035.789229,1222.306716,1536.15637,1043.84033,834.3846695
20106018,987.7079674,1222.2087,1517.251962,962.8025411,808.8048467
20106023,987.7079674,1222.2087,1517.251962,962.8025411,808.8048467
1720106005,987.7079674,1222.2087,1517.251962,962.8025411,808.8048467
20206040,1035.789229,1222.306716,1536.15637,1043.84033,834.3846695
20106027,987.7079674,1222.2087,1517.251962,962.8025411,808.8048467
20106014,987.7079674,1222.2087,1517.251962,962.8025411,808.8048467
20206053,1035.789229,1222.306716,1536.15637,1043.84033,834.3846695
20206049,1035.789229,1222.306716,1536.15637,1043.84033,834.3846695
20106079,1035.789229,1222.306716,1536.15637,1043.84033,834.3846695
1750111002,941.3712693,965.7873123,1125.537379,1004.639241,968.2097333
50111003,941.3712693,965.7873123,1125.537379,1004.639241,968.2097333
50111016,941.3712693,965.7873123,1125.537379,1004.639241,968.2097333
20106017,987.7079674,1222.2087,1517.251962,962.8025411,808.8048467
1820137001,987.7079674,1222.2087,1517.251962,962.8025411,808.8048467
50111010,941.3712693,965.7873123,1125.537379,1004.639241,968.2097333
20106012,987.7079674,1222.2087,1517.251962,962.8025411,808.8048467
50111007,941.3712693,965.7873123,1125.537379,1004.639241,968.2097333
50111013,942.702081,970.7667168,1127.518274,995.3196941,965.2607985
50111011,941.3712693,965.7873123,1125.537379,1004.639241,968.2097333
50111004,942.702081,970.7667168,1127.518274,995.3196941,965.2607985
1750111004,942.702081,970.7667168,1127.518274,995.3196941,965.2607985
50111008,942.702081,970.7667168,1127.518274,995.3196941,965.2607985
20106024,987.7079674,1222.2087,1517.251962,962.8025411,808.8048467
1720106016,987.7079674,1222.2087,1517.251962,962.8025411,808.8048467
50211002,942.702081,970.7667168,1127.518274,995.3196941,965.2607985
1720106002,987.7079674,1222.2087,1517.251962,962.8025411,808.8048467
50111005,942.702081,970.7667168,1127.518274,995.3196941,965.2607985
50211001,941.3712693,965.7873123,1125.537379,1004.639241,968.2097333
50111002,942.702081,970.7667168,1127.518274,995.3196941,965.2607985
50111001,942.702081,970.7667168,1127.518274,995.3196941,965.2607985
1750111001,941.3712693,965.7873123,1125.537379,1004.639241,968.2097333
50211004,942.702081,970.7667168,1127.518274,995.3196941,965.2607985
50111009,941.3712693,965.7873123,1125.537379,1004.639241,968.2097333
1750111007,942.702081,970.7667168,1127.518274,995.3196941,965.2607985
50111006,941.3712693,965.7873123,1125.537379,1004.639241,968.2097333
50211003,981.1190484,1220.872216,1517.350793,1010.355826,830.4534243
50111012,941.3712693,965.7873123,1125.537379,1004.639241,968.2097333
50111014,942.702081,970.7667168,1127.518274,995.3196941,965.2607985
20106028,987.7079674,1222.2087,1517.251962,962.8025411,808.8048467
1750111003,942.702081,970.7667168,1127.518274,995.3196941,965.2607985
20106013,987.7079674,1222.2087,1517.251962,962.8025411,808.8048467
20106020,987.7079674,1222.2087,1517.251962,962.8025411,808.8048467
20106026,987.7079674,1222.2087,1517.251962,962.8025411,808.8048467
20206050,1035.789229,1222.306716,1536.15637,1043.84033,834.3846695
20206057,1035.789229,1222.306716,1536.15637,1043.84033,834.3846695
20206041,1044.879395,1231.685397,1571.588551,1027.402087,840.4718442
20206046,1060.121006,1232.193398,1623.37743,1058.738839,868.689014
20206042,1044.879395,1231.685397,1571.588551,1027.402087,840.4718442
20206054,1044.879395,1231.685397,1571.588551,1027.402087,840.4718442
10117002,1015.247802,1142.719847,1523.822392,1056.397144,802.6725279
10117010,1006.564983,1129.924599,1500.194255,1043.026956,804.3235819
10117008,1015.247802,1142.719847,1523.822392,1056.397144,802.6725279
1810104001,1015.247802,1142.719847,1523.822392,1056.397144,802.6725279
10117003,1015.247802,1142.719847,1523.822392,1056.397144,802.6725279
1720206002,1042.02635,1221.940752,1567.150587,1039.733225,833.0034712
1820217001,1042.02635,1221.940752,1567.150587,1039.733225,833.0034712
10117009,1015.247802,1142.719847,1523.822392,1056.397144,802.6725279
10117014,1015.247802,1142.719847,1523.822392,1056.397144,802.6725279
1810104003,1015.247802,1142.719847,1523.822392,1056.397144,802.6725279
10117005,1015.247802,1142.719847,1523.822392,1056.397144,802.6725279
1810104002,1015.247802,1142.719847,1523.822392,1056.397144,802.6725279
10117007,1015.247802,1142.719847,1523.822392,1056.397144,802.6725279
10117016,1015.247802,1142.719847,1523.822392,1056.397144,802.6725279
20106078,1044.879395,1231.685397,1571.588551,1027.402087,840.4718442
20206018,1039.173305,1212.196108,1562.712624,1052.064362,825.5350982
10117004,1015.247802,1142.719847,1523.822392,1056.397144,802.6725279
20206056,1044.879395,1231.685397,1571.588551,1027.402087,840.4718442
20206048,1044.879395,1231.685397,1571.588551,1027.402087,840.4718442
20206044,1044.879395,1231.685397,1571.588551,1027.402087,840.4718442
10117017,1015.247802,1142.719847,1523.822392,1056.397144,802.6725279
20206039,1044.879395,1231.685397,1571.588551,1027.402087,840.4718442
20206055,1039.173305,1212.196108,1562.712624,1052.064362,825.5350982
1820217002,1031.207947,1198.174875,1540.433781,1035.007283,813.1861752
20206051,1031.207947,1198.174875,1540.433781,1035.007283,813.1861752
10117001,1032.83513,1149.72979,1501.925905,1059.74579,799.1430133
10117015,1032.83513,1149.72979,1501.925905,1059.74579,799.1430133
10117006,1033.140623,1162.326698,1497.78102,1064.243351,799.190581
10117013,1032.83513,1149.72979,1501.925905,1059.74579,799.1430133
10117011,1032.83513,1149.72979,1501.925905,1059.74579,799.1430133
10118016,929.1489508,873.681062,1299.348732,809.1793507,745.4840744
1810104005,1032.83513,1149.72979,1501.925905,1059.74579,799.1430133
10134018,993.0037289,1004.811072,1427.041955,921.4036232,808.4558181
10134003,993.0037289,1004.811072,1427.041955,921.4036232,808.4558181
10134006,993.0037289,1004.811072,1427.041955,921.4036232,808.4558181
10134008,993.0037289,1004.811072,1427.041955,921.4036232,808.4558181
10134022,993.0037289,1004.811072,1427.041955,921.4036232,808.4558181
20106036,996.0540981,1196.711745,1566.35478,972.0375771,807.1708632
20106049,996.0540981,1196.711745,1566.35478,972.0375771,807.1708632
20106043,996.0540981,1196.711745,1566.35478,972.0375771,807.1708632
10134016,993.0037289,1004.811072,1427.041955,921.4036232,808.4558181
10134005,993.0037289,1004.811072,1427.041955,921.4036232,808.4558181
20106048,996.0540981,1196.711745,1566.35478,972.0375771,807.1708632
10134002,993.0037289,1004.811072,1427.041955,921.4036232,808.4558181
10134015,993.0037289,1004.811072,1427.041955,921.4036232,808.4558181
10134011,993.0037289,1004.811072,1427.041955,921.4036232,808.4558181
10134009,993.0037289,1004.811072,1427.041955,921.4036232,808.4558181
10134014,993.0037289,1004.811072,1427.041955,921.4036232,808.4558181
1810130001,993.0037289,1004.811072,1427.041955,921.4036232,808.4558181
10134017,993.0037289,1004.811072,1427.041955,921.4036232,808.4558181
10134019,993.0037289,1004.811072,1427.041955,921.4036232,808.4558181
10134021,993.0037289,1004.811072,1427.041955,921.4036232,808.4558181
10134023,993.0037289,1004.811072,1427.041955,921.4036232,808.4558181
1810130003,993.0037289,1004.811072,1427.041955,921.4036232,808.4558181
10134012,993.0037289,1004.811072,1427.041955,921.4036232,808.4558181
1810130002,993.0037289,1004.811072,1427.041955,921.4036232,808.4558181
20106051,996.0540981,1196.711745,1566.35478,972.0375771,807.1708632
10134001,993.0037289,1004.811072,1427.041955,921.4036232,808.4558181
10134004,993.0037289,1004.811072,1427.041955,921.4036232,808.4558181
10134020,993.0037289,1004.811072,1427.041955,921.4036232,808.4558181
10134013,993.0037289,1004.811072,1427.041955,921.4036232,808.4558181
50110019,999.7462159,1043.543964,1222.182293,1027.025538,970.4853054
10134010,993.0037289,1004.811072,1427.041955,921.4036232,808.4558181
20106046,996.0540981,1196.711745,1566.35478,972.0375771,807.1708632
1720106009,1003.184928,1194.148684,1564.104581,975.1163169,804.5753873
20106042,1003.184928,1194.148684,1564.104581,975.1163169,804.5753873
20106041,1010.315757,1191.585624,1561.854382,978.1950567,801.9799114
20106047,1010.315757,1191.585624,1561.854382,978.1950567,801.9799114
20106038,1010.315757,1191.585624,1561.854382,978.1950567,801.9799114
20106034,1010.315757,1191.585624,1561.854382,978.1950567,801.9799114
20106050,1007.123421,1159.821734,1524.10273,945.3325449,790.7944147
1720106003,1010.315757,1191.585624,1561.854382,978.1950567,801.9799114
20106037,1010.315757,1191.585624,1561.854382,978.1950567,801.9799114
20106033,1010.315757,1191.585624,1561.854382,978.1950567,801.9799114
20106052,1010.315757,1191.585624,1561.854382,978.1950567,801.9799114
20106032,1010.315757,1191.585624,1561.854382,978.1950567,801.9799114
20106045,1010.315757,1191.585624,1561.854382,978.1950567,801.9799114
20106039,1010.315757,1191.585624,1561.854382,978.1950567,801.9799114
1820207002,988.8674278,1155.791279,1478.93225,1013.87086,772.7118638
20206076,988.8674278,1155.791279,1478.93225,1013.87086,772.7118638
20206060,988.8674278,1155.791279,1478.93225,1013.87086,772.7118638
20206070,988.8674278,1155.791279,1478.93225,1013.87086,772.7118638
1720206004,988.8674278,1155.791279,1478.93225,1013.87086,772.7118638
20206059,988.8674278,1155.791279,1478.93225,1013.87086,772.7118638
20206063,988.8674278,1155.791279,1478.93225,1013.87086,772.7118638
20206061,988.8674278,1155.791279,1478.93225,1013.87086,772.7118638
20206069,988.8674278,1155.791279,1478.93225,1013.87086,772.7118638
20206065,988.8674278,1155.791279,1478.93225,1013.87086,772.7118638
20206064,988.8674278,1155.791279,1478.93225,1013.87086,772.7118638
20206068,988.8674278,1155.791279,1478.93225,1013.87086,772.7118638
20206078,988.8674278,1155.791279,1478.93225,1013.87086,772.7118638
20206071,988.8674278,1155.791279,1478.93225,1013.87086,772.7118638
20206072,988.8674278,1155.791279,1478.93225,1013.87086,772.7118638
1820207001,988.8674278,1155.791279,1478.93225,1013.87086,772.7118638
20206077,988.8674278,1155.791279,1478.93225,1013.87086,772.7118638
20206067,988.8674278,1155.791279,1478.93225,1013.87086,772.7118638
20206062,988.8674278,1155.791279,1478.93225,1013.87086,772.7118638
20206074,988.8674278,1155.791279,1478.93225,1013.87086,772.7118638
20206073,988.8674278,1155.791279,1478.93225,1013.87086,772.7118638
1710136003,942.5130568,1050.636483,1334.733999,963.3709942,739.9392313
1810132004,942.5130568,1050.636483,1334.733999,963.3709942,739.9392313
10136018,942.5130568,1050.636483,1334.733999,963.3709942,739.9392313
10136024,942.5130568,1050.636483,1334.733999,963.3709942,739.9392313
10136008,942.5130568,1050.636483,1334.733999,963.3709942,739.9392313
10136012,942.5130568,1050.636483,1334.733999,963.3709942,739.9392313
10136011,942.5130568,1050.636483,1334.733999,963.3709942,739.9392313
10136016,942.5130568,1050.636483,1334.733999,963.3709942,739.9392313
10136004,942.5130568,1050.636483,1334.733999,963.3709942,739.9392313
10136021,959.4806595,1094.277503,1377.591485,1001.12524,758.3817937
10136002,959.4806595,1094.277503,1377.591485,1001.12524,758.3817937
10136001,942.5130568,1050.636483,1334.733999,963.3709942,739.9392313
10136007,950.9968581,1072.456993,1356.162742,982.2481173,749.1605125
10136015,950.9968581,1072.456993,1356.162742,982.2481173,749.1605125
10136020,942.5130568,1050.636483,1334.733999,963.3709942,739.9392313
10136006,942.5130568,1050.636483,1334.733999,963.3709942,739.9392313
1810132002,942.5130568,1050.636483,1334.733999,963.3709942,739.9392313
1810132003,942.5130568,1050.636483,1334.733999,963.3709942,739.9392313
10136023,942.5130568,1050.636483,1334.733999,963.3709942,739.9392313
1710136002,942.5130568,1050.636483,1334.733999,963.3709942,739.9392313
1810132001,942.5130568,1050.636483,1334.733999,963.3709942,739.9392313
10136017,942.5130568,1050.636483,1334.733999,963.3709942,739.9392313
10136005,942.5130568,1050.636483,1334.733999,963.3709942,739.9392313
10136013,942.5130568,1050.636483,1334.733999,963.3709942,739.9392313
10136010,942.5130568,1050.636483,1334.733999,963.3709942,739.9392313
1810132005,942.5130568,1050.636483,1334.733999,963.3709942,739.9392313
1710136001,942.5130568,1050.636483,1334.733999,963.3709942,739.9392313
10136003,942.5130568,1050.636483,1334.733999,963.3709942,739.9392313
10136025,942.5130568,1050.636483,1334.733999,963.3709942,739.9392313
10136009,942.5130568,1050.636483,1334.733999,963.3709942,739.9392313
10136014,942.5130568,1050.636483,1334.733999,963.3709942,739.9392313
10136019,942.5130568,1050.636483,1334.733999,963.3709942,739.9392313
10136022,942.5130568,1050.636483,1334.733999,963.3709942,739.9392313
1720106012,999.4939642,1131.504137,1457.793317,951.7943564,759.3459576
20106010,999.4939642,1131.504137,1457.793317,951.7943564,759.3459576
20106011,999.4939642,1131.504137,1457.793317,951.7943564,759.3459576
1720106018,999.4939642,1131.504137,1457.793317,951.7943564,759.3459576
1720106007,970.9427238,1100.49887,1409.587664,914.4119145,725.3215244
20106004,977.0510968,1104.210224,1409.699726,923.4208753,728.4564723
1720106015,983.1594698,1107.921578,1409.811789,932.4298361,731.5914201
20106003,983.1594698,1107.921578,1409.811789,932.4298361,731.5914201
20106002,983.1594698,1107.921578,1409.811789,932.4298361,731.5914201
20106006,983.1594698,1107.921578,1409.811789,932.4298361,731.5914201
20106008,977.0510968,1104.210224,1409.699726,923.4208753,728.4564723
1820106001,977.0510968,1104.210224,1409.699726,923.4208753,728.4564723
1820106003,977.0510968,1104.210224,1409.699726,923.4208753,728.4564723
20106001,977.0510968,1104.210224,1409.699726,923.4208753,728.4564723
1720106017,977.0510968,1104.210224,1409.699726,923.4208753,728.4564723
20106005,983.1594698,1107.921578,1409.811789,932.4298361,731.5914201
1720106001,970.9427238,1100.49887,1409.587664,914.4119145,725.3215244
1820106002,870.0057971,1102.078205,1413.267358,1023.547342,823.2547597
10118005,928.2519083,929.9970298,1256.30365,898.3173634,743.6910571
10118010,928.2519083,929.9970298,1256.30365,898.3173634,743.6910571
10118004,928.2519083,929.9970298,1256.30365,898.3173634,743.6910571
10118012,929.1467521,961.3627001,1267.913107,919.1987778,735.5956889
10118024,929.1467521,961.3627001,1267.913107,919.1987778,735.5956889
1810113001,936.2460003,941.5944464,1273.426203,912.0520793,736.8808053
10118007,936.2460003,941.5944464,1273.426203,912.0520793,736.8808053
10118001,936.2460003,941.5944464,1273.426203,912.0520793,736.8808053
10118013,936.2460003,941.5944464,1273.426203,912.0520793,736.8808053
10118020,929.1467521,961.3627001,1267.913107,919.1987778,735.5956889
10118021,936.2460003,941.5944464,1273.426203,912.0520793,736.8808053
10118023,936.2460003,941.5944464,1273.426203,912.0520793,736.8808053
10118018,936.2460003,941.5944464,1273.426203,912.0520793,736.8808053
10118015,936.2460003,941.5944464,1273.426203,912.0520793,736.8808053
10118008,936.2460003,941.5944464,1273.426203,912.0520793,736.8808053
10118011,936.2460003,941.5944464,1273.426203,912.0520793,736.8808053
10118002,936.2460003,941.5944464,1273.426203,912.0520793,736.8808053
30207018,915.7824795,839.3726237,1249.268299,830.9067687,775.6542422
30207008,915.7824795,839.3726237,1249.268299,830.9067687,775.6542422
1730207002,915.7824795,839.3726237,1249.268299,830.9067687,775.6542422
30207016,915.7824795,839.3726237,1249.268299,830.9067687,775.6542422
1730207001,915.7824795,839.3726237,1249.268299,830.9067687,775.6542422
1830211001,915.7824795,839.3726237,1249.268299,830.9067687,775.6542422
30207005,915.7824795,839.3726237,1249.268299,830.9067687,775.6542422
1810113002,936.2460003,941.5944464,1273.426203,912.0520793,736.8808053
10118003,936.2460003,941.5944464,1273.426203,912.0520793,736.8808053
10118006,936.2460003,941.5944464,1273.426203,912.0520793,736.8808053
10118009,936.2460003,941.5944464,1273.426203,912.0520793,736.8808053
30207003,918.1137073,816.8786266,1218.752605,810.9843318,782.0200525
30207015,918.1137073,816.8786266,1218.752605,810.9843318,782.0200525
1830211003,918.1137073,816.8786266,1218.752605,810.9843318,782.0200525
30207012,918.1137073,816.8786266,1218.752605,810.9843318,782.0200525
30207001,918.1137073,816.8786266,1218.752605,810.9843318,782.0200525
30207010,918.1137073,816.8786266,1218.752605,810.9843318,782.0200525
30207002,918.1137073,816.8786266,1218.752605,810.9843318,782.0200525
30107001,918.1137073,816.8786266,1218.752605,810.9843318,782.0200525
30207004,918.1137073,816.8786266,1218.752605,810.9843318,782.0200525
1730207003,918.1137073,816.8786266,1218.752605,810.9843318,782.0200525
1730207004,918.1137073,816.8786266,1218.752605,810.9843318,782.0200525
30207011,918.1137073,816.8786266,1218.752605,810.9843318,782.0200525
30207014,918.1137073,816.8786266,1218.752605,810.9843318,782.0200525
30207006,918.1137073,816.8786266,1218.752605,810.9843318,782.0200525
30207009,918.1137073,816.8786266,1218.752605,810.9843318,782.0200525
30207007,918.1137073,816.8786266,1218.752605,810.9843318,782.0200525
30207017,918.1137073,816.8786266,1218.752605,810.9843318,782.0200525
30207013,918.1137073,816.8786266,1218.752605,810.9843318,782.0200525
30207019,918.1137073,816.8786266,1218.752605,810.9843318,782.0200525
30221006,908.1508052,882.2286196,1254.803624,821.1174758,774.6158993
30221004,908.1508052,882.2286196,1254.803624,821.1174758,774.6158993
1730221005,908.1508052,882.2286196,1254.803624,821.1174758,774.6158993
30221001,908.1508052,882.2286196,1254.803624,821.1174758,774.6158993
30221002,924.2923368,888.0042692,1271.914443,828.0355302,777.1802779
1730221004,924.2923368,888.0042692,1271.914443,828.0355302,777.1802779
30221005,924.2923368,888.0042692,1271.914443,828.0355302,777.1802779
30221007,924.2923368,888.0042692,1271.914443,828.0355302,777.1802779
1730221003,924.2923368,888.0042692,1271.914443,828.0355302,777.1802779
30221003,924.2923368,888.0042692,1271.914443,828.0355302,777.1802779
1730221001,924.2923368,888.0042692,1271.914443,828.0355302,777.1802779
1730221002,940.4338684,893.7799189,1289.025261,834.9535847,779.7446566
30238011,945.053401,884.8047783,1296.74602,827.3380218,785.4606934
30238003,986.411386,923.6839268,1320.191939,837.3738825,814.077215
30238005,986.411386,923.6839268,1320.191939,837.3738825,814.077215
1730238007,986.411386,923.6839268,1320.191939,837.3738825,814.077215
30238012,986.411386,923.6839268,1320.191939,837.3738825,814.077215
30238004,986.411386,923.6839268,1320.191939,837.3738825,814.077215
1730238014,986.411386,923.6839268,1320.191939,837.3738825,814.077215
30238001,986.411386,923.6839268,1320.191939,837.3738825,814.077215
30238007,986.411386,923.6839268,1320.191939,837.3738825,814.077215
1730238002,986.411386,923.6839268,1320.191939,837.3738825,814.077215
1730238003,986.411386,923.6839268,1320.191939,837.3738825,814.077215
1730238022,986.411386,923.6839268,1320.191939,837.3738825,814.077215
1730238004,986.411386,923.6839268,1320.191939,837.3738825,814.077215
1730238008,986.411386,923.6839268,1320.191939,837.3738825,814.077215
1730238019,986.411386,923.6839268,1320.191939,837.3738825,814.077215
1730238024,986.411386,923.6839268,1320.191939,837.3738825,814.077215
1730238021,986.411386,923.6839268,1320.191939,837.3738825,814.077215
1730238018,986.411386,923.6839268,1320.191939,837.3738825,814.077215
30238010,986.411386,923.6839268,1320.191939,837.3738825,814.077215
1730238020,986.411386,923.6839268,1320.191939,837.3738825,814.077215
1730238009,986.411386,923.6839268,1320.191939,837.3738825,814.077215
30238008,986.411386,923.6839268,1320.191939,837.3738825,814.077215
1730238011,986.411386,923.6839268,1320.191939,837.3738825,814.077215
30238002,986.411386,923.6839268,1320.191939,837.3738825,814.077215
1730238016,986.411386,923.6839268,1320.191939,837.3738825,814.077215
1730238013,986.411386,923.6839268,1320.191939,837.3738825,814.077215
30238006,986.411386,923.6839268,1320.191939,837.3738825,814.077215
1730238012,986.411386,923.6839268,1320.191939,837.3738825,814.077215
1730238006,986.411386,923.6839268,1320.191939,837.3738825,814.077215
1730238017,986.411386,923.6839268,1320.191939,837.3738825,814.077215
1730238015,986.411386,923.6839268,1320.191939,837.3738825,814.077215
1730238005,986.411386,923.6839268,1320.191939,837.3738825,814.077215
1730238023,986.411386,923.6839268,1320.191939,837.3738825,814.077215
1730238010,986.411386,923.6839268,1320.191939,837.3738825,814.077215
1730238001,986.411386,923.6839268,1320.191939,837.3738825,814.077215
30220018,986.0678821,937.2096343,1304.678128,869.8926403,787.5112105
30220010,986.0678821,937.2096343,1304.678128,869.8926403,787.5112105
30220006,986.0678821,937.2096343,1304.678128,869.8926403,787.5112105
30220016,986.0678821,937.2096343,1304.678128,869.8926403,787.5112105
10208001,749.1050921,991.0287356,1253.47246,890.0127698,631.0223396
30220019,950.3864846,909.1372156,1258.780117,832.7689288,745.5747423
30220017,950.3864846,909.1372156,1258.780117,832.7689288,745.5747423
30220008,950.3864846,909.1372156,1258.780117,832.7689288,745.5747423
30220002,950.3864846,909.1372156,1258.780117,832.7689288,745.5747423
1830216001,950.3864846,909.1372156,1258.780117,832.7689288,745.5747423
30220005,932.9662745,884.3241451,1250.157046,827.9407117,753.7109412
30220014,932.9662745,884.3241451,1250.157046,827.9407117,753.7109412
30220007,932.9662745,884.3241451,1250.157046,827.9407117,753.7109412
30220004,932.9662745,884.3241451,1250.157046,827.9407117,753.7109412
30220012,932.9662745,884.3241451,1250.157046,827.9407117,753.7109412
30220011,932.9662745,884.3241451,1250.157046,827.9407117,753.7109412
30220015,932.9662745,884.3241451,1250.157046,827.9407117,753.7109412
30220003,932.9662745,884.3241451,1250.157046,827.9407117,753.7109412
1730220001,932.9662745,884.3241451,1250.157046,827.9407117,753.7109412
30220013,932.9662745,884.3241451,1250.157046,827.9407117,753.7109412
30220001,932.9662745,884.3241451,1250.157046,827.9407117,753.7109412
30220009,932.9662745,884.3241451,1250.157046,827.9407117,753.7109412
1730220002,932.9662745,884.3241451,1250.157046,827.9407117,753.7109412
30224005,895.9545481,855.4481058,1221.802797,823.4601383,731.2994275
30224008,895.9545481,855.4481058,1221.802797,823.4601383,731.2994275
30224001,895.9545481,855.4481058,1221.802797,823.4601383,731.2994275
30224002,895.9545481,855.4481058,1221.802797,823.4601383,731.2994275
1830222001,895.9545481,855.4481058,1221.802797,823.4601383,731.2994275
30224004,895.9545481,855.4481058,1221.802797,823.4601383,731.2994275
1730224001,895.9545481,855.4481058,1221.802797,823.4601383,731.2994275
30224009,895.9545481,855.4481058,1221.802797,823.4601383,731.2994275
30224007,895.9545481,855.4481058,1221.802797,823.4601383,731.2994275
30224003,895.9545481,855.4481058,1221.802797,823.4601383,731.2994275
30224006,895.9545481,855.4481058,1221.802797,823.4601383,731.2994275
30224010,895.9545481,855.4481058,1221.802797,823.4601383,731.2994275
30224011,895.9545481,855.4481058,1221.802797,823.4601383,731.2994275
10208005,733.8570933,986.8656888,1167.451105,812.1914969,582.2201415
10208013,733.8570933,986.8656888,1167.451105,812.1914969,582.2201415
10208003,729.8269117,1000.989485,1204.673523,825.1110271,586.1287825
10208009,729.8269117,1000.989485,1204.673523,825.1110271,586.1287825
1710208001,904.8687904,778.8373995,1102.709173,681.3129752,574.1990264
10208017,733.8570933,986.8656888,1167.451105,812.1914969,582.2201415
10208012,733.8570933,986.8656888,1167.451105,812.1914969,582.2201415
10208010,733.8570933,986.8656888,1167.451105,812.1914969,582.2201415
10208006,733.8570933,986.8656888,1167.451105,812.1914969,582.2201415
1810205001,733.8570933,986.8656888,1167.451105,812.1914969,582.2201415
10208020,904.8687904,778.8373995,1102.709173,681.3129752,574.1990264
1810202002,733.8570933,986.8656888,1167.451105,812.1914969,582.2201415
10208019,724.4014819,1000.496467,1190.547818,825.1609575,587.374123
1810202001,714.9458704,1014.127245,1213.644531,838.1304181,592.5281045
10208014,714.9458704,1014.127245,1213.644531,838.1304181,592.5281045
10208018,714.9458704,1014.127245,1213.644531,838.1304181,592.5281045
10208008,714.9458704,1014.127245,1213.644531,838.1304181,592.5281045
10208002,714.9458704,1014.127245,1213.644531,838.1304181,592.5281045
10208007,714.9458704,1014.127245,1213.644531,838.1304181,592.5281045
10208011,714.9458704,1014.127245,1213.644531,838.1304181,592.5281045
10134007,909.0225074,883.0129986,1154.144916,779.9541911,620.6316018
10201021,679.1672664,930.8171189,1047.853932,773.8095543,512.4988198
10201013,681.3550684,946.1937594,1072.222843,790.0068073,516.284996
10201011,681.3550684,946.1937594,1072.222843,790.0068073,516.284996
60204003,681.3550684,946.1937594,1072.222843,790.0068073,516.284996
10201017,681.3550684,946.1937594,1072.222843,790.0068073,516.284996
1710201002,681.3550684,946.1937594,1072.222843,790.0068073,516.284996
10201019,681.3550684,946.1937594,1072.222843,790.0068073,516.284996
10201004,681.3550684,946.1937594,1072.222843,790.0068073,516.284996
10201003,680.2611674,938.5054392,1060.038387,781.9081808,514.3919079
10201006,681.3550684,946.1937594,1072.222843,790.0068073,516.284996
10201023,681.3550684,946.1937594,1072.222843,790.0068073,516.284996
10101001,681.3550684,946.1937594,1072.222843,790.0068073,516.284996
10201010,681.3550684,946.1937594,1072.222843,790.0068073,516.284996
10201015,681.3550684,946.1937594,1072.222843,790.0068073,516.284996
10201014,681.3550684,946.1937594,1072.222843,790.0068073,516.284996
1710201001,681.3550684,946.1937594,1072.222843,790.0068073,516.284996
10201020,681.3550684,946.1937594,1072.222843,790.0068073,516.284996
10201002,679.1672664,930.8171189,1047.853932,773.8095543,512.4988198
10201018,680.2611674,938.5054392,1060.038387,781.9081808,514.3919079
10201008,679.1672664,930.8171189,1047.853932,773.8095543,512.4988198
10201005,667.3704997,864.5454373,996.5026681,719.271237,550.2948365
10201009,681.3550684,946.1937594,1072.222843,790.0068073,516.284996
10201016,679.1672664,930.8171189,1047.853932,773.8095543,512.4988198
10201012,681.3550684,946.1937594,1072.222843,790.0068073,516.284996
60204004,681.3550684,946.1937594,1072.222843,790.0068073,516.284996
10201022,679.1672664,930.8171189,1047.853932,773.8095543,512.4988198
10228002,628.5945525,883.9087305,1048.179398,729.3225307,533.3600677
10228008,628.5945525,883.9087305,1048.179398,729.3225307,533.3600677
10228014,628.5945525,883.9087305,1048.179398,729.3225307,533.3600677
10228019,628.5945525,883.9087305,1048.179398,729.3225307,533.3600677
10228001,628.5945525,883.9087305,1048.179398,729.3225307,533.3600677
10228007,628.5945525,883.9087305,1048.179398,729.3225307,533.3600677
10228011,628.5945525,883.9087305,1048.179398,729.3225307,533.3600677
1710228002,628.5945525,883.9087305,1048.179398,729.3225307,533.3600677
10228020,602.7121343,864.1903539,1028.569199,708.9563216,530.2619119
10228017,602.7121343,864.1903539,1028.569199,708.9563216,530.2619119
10228010,602.7121343,864.1903539,1028.569199,708.9563216,530.2619119
10228004,602.7121343,864.1903539,1028.569199,708.9563216,530.2619119
10228006,604.5751597,870.4052315,1007.521999,707.6991295,509.6721393
10228003,604.5751597,870.4052315,1007.521999,707.6991295,509.6721393
10228012,604.5751597,870.4052315,1007.521999,707.6991295,509.6721393
10228016,604.5751597,870.4052315,1007.521999,707.6991295,509.6721393
1710228001,604.5751597,870.4052315,1007.521999,707.6991295,509.6721393
10228013,604.5751597,870.4052315,1007.521999,707.6991295,509.6721393
10228015,604.5751597,870.4052315,1007.521999,707.6991295,509.6721393
1810226001,603.643647,867.2977927,1018.045599,708.3277256,519.9670256
10228005,604.5751597,870.4052315,1007.521999,707.6991295,509.6721393
10228009,604.5751597,870.4052315,1007.521999,707.6991295,509.6721393
10232021,580.771414,837.53391,993.3522915,716.7264479,455.1879332
10232010,580.771414,837.53391,993.3522915,716.7264479,455.1879332
10232004,580.771414,837.53391,993.3522915,716.7264479,455.1879332
10232012,579.513799,855.5418861,995.7777796,721.2945483,455.6291838
10232017,580.771414,837.53391,993.3522915,716.7264479,455.1879332
10232003,580.771414,837.53391,993.3522915,716.7264479,455.1879332
10232013,580.771414,837.53391,993.3522915,716.7264479,455.1879332
10232008,582.0290291,819.525934,990.9268034,712.1583476,454.7466827
1710232003,582.0290291,819.525934,990.9268034,712.1583476,454.7466827
10232007,582.0290291,819.525934,990.9268034,712.1583476,454.7466827
1810227001,582.0290291,819.525934,990.9268034,712.1583476,454.7466827
10232018,582.0290291,819.525934,990.9268034,712.1583476,454.7466827
10232015,582.0290291,819.525934,990.9268034,712.1583476,454.7466827
10232005,582.0290291,819.525934,990.9268034,712.1583476,454.7466827
10232009,582.0290291,819.525934,990.9268034,712.1583476,454.7466827
10232001,582.0290291,819.525934,990.9268034,712.1583476,454.7466827
10132001,582.0290291,819.525934,990.9268034,712.1583476,454.7466827
10132002,582.0290291,819.525934,990.9268034,712.1583476,454.7466827
10232020,582.0290291,819.525934,990.9268034,712.1583476,454.7466827
10232011,582.0290291,819.525934,990.9268034,712.1583476,454.7466827
10232002,582.0290291,819.525934,990.9268034,712.1583476,454.7466827
10232006,582.0290291,819.525934,990.9268034,712.1583476,454.7466827
10232014,582.0290291,819.525934,990.9268034,712.1583476,454.7466827
10232022,582.0290291,819.525934,990.9268034,712.1583476,454.7466827
1710232001,582.0290291,819.525934,990.9268034,712.1583476,454.7466827
60204021,581.3956001,808.4664677,893.3767745,733.0528198,444.5480414
60204008,581.3956001,808.4664677,893.3767745,733.0528198,444.5480414
60204013,581.3956001,808.4664677,893.3767745,733.0528198,444.5480414
1750225002,592.5661986,800.9495409,916.2455337,740.1626615,447.7806623
60205019,512.5076821,736.582092,874.9350941,703.5692006,401.9211178
60205015,512.5076821,736.582092,874.9350941,703.5692006,401.9211178
60205011,512.5076821,736.582092,874.9350941,703.5692006,401.9211178
60205005,512.5076821,736.582092,874.9350941,703.5692006,401.9211178
60205002,512.5076821,736.582092,874.9350941,703.5692006,401.9211178
60205001,512.5076821,736.582092,874.9350941,703.5692006,401.9211178
60205017,512.5076821,736.582092,874.9350941,703.5692006,401.9211178
60205012,512.5076821,736.582092,874.9350941,703.5692006,401.9211178
1860210001,512.5076821,736.582092,874.9350941,703.5692006,401.9211178
60205006,512.5076821,736.582092,874.9350941,703.5692006,401.9211178
60205013,512.5076821,736.582092,874.9350941,703.5692006,401.9211178
60205008,512.5076821,736.582092,874.9350941,703.5692006,401.9211178
60205014,512.5076821,736.582092,874.9350941,703.5692006,401.9211178
60205009,512.5076821,736.582092,874.9350941,703.5692006,401.9211178
60205003,512.5076821,736.582092,874.9350941,703.5692006,401.9211178
60205007,512.5076821,736.582092,874.9350941,703.5692006,401.9211178
1760205001,512.5076821,736.582092,874.9350941,703.5692006,401.9211178
60205018,510.1103559,730.320559,906.3132014,714.8178765,415.8978298
60205004,531.0658258,751.06809,911.4419241,714.0853152,406.8642694
60204014,520.7846344,748.3064165,921.7606857,796.4223616,404.2515284
60204005,520.7846344,748.3064165,921.7606857,796.4223616,404.2515284
60204017,520.7846344,748.3064165,921.7606857,796.4223616,404.2515284
60204023,520.7846344,748.3064165,921.7606857,796.4223616,404.2515284
1860228002,520.7846344,748.3064165,921.7606857,796.4223616,404.2515284
60204011,520.7846344,748.3064165,921.7606857,796.4223616,404.2515284
60204019,520.7846344,748.3064165,921.7606857,796.4223616,404.2515284
60204006,520.7846344,748.3064165,921.7606857,796.4223616,404.2515284
60204024,520.7846344,748.3064165,921.7606857,796.4223616,404.2515284
60222001,520.7846344,748.3064165,921.7606857,796.4223616,404.2515284
60204001,520.7846344,748.3064165,921.7606857,796.4223616,404.2515284
60204002,520.7846344,748.3064165,921.7606857,796.4223616,404.2515284
60204010,520.7846344,748.3064165,921.7606857,796.4223616,404.2515284
60204022,520.7846344,748.3064165,921.7606857,796.4223616,404.2515284
1760204001,520.7846344,748.3064165,921.7606857,796.4223616,404.2515284
60204020,520.7846344,748.3064165,921.7606857,796.4223616,404.2515284
60204016,520.7846344,748.3064165,921.7606857,796.4223616,404.2515284
60204018,520.7846344,748.3064165,921.7606857,796.4223616,404.2515284
60204015,520.7846344,748.3064165,921.7606857,796.4223616,404.2515284
60204012,520.7846344,748.3064165,921.7606857,796.4223616,404.2515284
1860228001,520.7846344,748.3064165,921.7606857,796.4223616,404.2515284
60204009,520.7846344,748.3064165,921.7606857,796.4223616,404.2515284
60204007,520.7846344,748.3064165,921.7606857,796.4223616,404.2515284
60202005,569.3767464,815.274919,914.1078522,736.8403057,421.5309196
60202011,569.3767464,815.274919,914.1078522,736.8403057,421.5309196
60202016,569.3767464,815.274919,914.1078522,736.8403057,421.5309196
60202020,569.3767464,815.274919,914.1078522,736.8403057,421.5309196
60202015,569.3767464,815.274919,914.1078522,736.8403057,421.5309196
60202010,569.3767464,815.274919,914.1078522,736.8403057,421.5309196
60202008,569.3767464,815.274919,914.1078522,736.8403057,421.5309196
60202018,569.3767464,815.274919,914.1078522,736.8403057,421.5309196
60202017,582.9761221,811.6744916,909.8877629,721.9059621,439.0033318
60202006,582.9761221,811.6744916,909.8877629,721.9059621,439.0033318
1760202002,582.5274293,815.2899679,907.2069409,725.2071309,432.5179882
60202014,582.5274293,815.2899679,907.2069409,725.2071309,432.5179882
60202019,582.0787365,818.9054441,904.526119,728.5082998,426.0326447
60202007,582.0787365,818.9054441,904.526119,728.5082998,426.0326447
60202002,582.0787365,818.9054441,904.526119,728.5082998,426.0326447
1760202001,586.5806267,816.2641003,907.2529778,744.6232431,426.7496719
60202001,586.5806267,816.2641003,907.2529778,744.6232431,426.7496719
60202013,586.5806267,816.2641003,907.2529778,744.6232431,426.7496719
60202004,586.5806267,816.2641003,907.2529778,744.6232431,426.7496719
60202009,586.5806267,816.2641003,907.2529778,744.6232431,426.7496719
60222016,564.5662174,818.3006138,923.9645117,853.7523196,399.7780728
60222010,564.5662174,818.3006138,923.9645117,853.7523196,399.7780728
60140012,543.6227109,810.1961929,867.6369965,777.3778457,420.6884337
60222013,578.9761432,835.0541649,941.6330967,831.616604,405.7661052
60222004,578.9761432,835.0541649,941.6330967,831.616604,405.7661052
60222006,578.9761432,835.0541649,941.6330967,831.616604,405.7661052
60222011,578.9761432,835.0541649,941.6330967,831.616604,405.7661052
60222018,578.9761432,835.0541649,941.6330967,831.616604,405.7661052
1760222001,578.9761432,835.0541649,941.6330967,831.616604,405.7661052
60222014,569.4182358,843.9139874,959.8440418,821.365832,416.0710256
60222002,569.4182358,843.9139874,959.8440418,821.365832,416.0710256
60222005,569.4182358,843.9139874,959.8440418,821.365832,416.0710256
60222008,569.4182358,843.9139874,959.8440418,821.365832,416.0710256
60222015,569.4182358,843.9139874,959.8440418,821.365832,416.0710256
60222012,569.4182358,843.9139874,959.8440418,821.365832,416.0710256
60140008,551.1555438,774.6360137,850.9680595,762.3284025,400.3597435
60115015,550.5830258,807.0275557,923.4933568,755.0188696,396.67947
60115012,550.5830258,807.0275557,923.4933568,755.0188696,396.67947
60115008,550.5830258,807.0275557,923.4933568,755.0188696,396.67947
60115003,550.5830258,807.0275557,923.4933568,755.0188696,396.67947
60215005,552.4589101,821.4275782,924.0356679,773.818126,416.7998618
60215003,552.4589101,821.4275782,924.0356679,773.818126,416.7998618
60215002,552.4589101,821.4275782,924.0356679,773.818126,416.7998618
60115002,552.4589101,821.4275782,924.0356679,773.818126,416.7998618
60115007,549.6430277,816.5750638,925.6299535,771.7074491,413.2891003
60115014,549.6430277,816.5750638,925.6299535,771.7074491,413.2891003
60115011,549.6430277,816.5750638,925.6299535,771.7074491,413.2891003
60115006,552.4589101,821.4275782,924.0356679,773.818126,416.7998618
60115010,552.4589101,821.4275782,924.0356679,773.818126,416.7998618
60115016,552.4589101,821.4275782,924.0356679,773.818126,416.7998618
60140019,552.4589101,821.4275782,924.0356679,773.818126,416.7998618
60115009,552.4589101,821.4275782,924.0356679,773.818126,416.7998618
60115001,552.4589101,821.4275782,924.0356679,773.818126,416.7998618
60115013,547.7604195,828.7152604,909.0046785,778.2957579,415.1088133
60115004,547.7604195,828.7152604,909.0046785,778.2957579,415.1088133
60115005,543.0619289,836.0029426,893.973689,782.7733897,413.4177649
60215004,543.0619289,836.0029426,893.973689,782.7733897,413.4177649
60215006,543.0619289,836.0029426,893.973689,782.7733897,413.4177649
60215001,543.0619289,836.0029426,893.973689,782.7733897,413.4177649
60100020,547.8105259,841.9718819,935.558037,775.5190423,416.8541042
60100025,547.8105259,841.9718819,935.558037,775.5190423,416.8541042
60100023,547.8105259,841.9718819,935.558037,775.5190423,416.8541042
60100029,547.8105259,841.9718819,935.558037,775.5190423,416.8541042
60100017,547.8105259,841.9718819,935.558037,775.5190423,416.8541042
60100018,547.8105259,841.9718819,935.558037,775.5190423,416.8541042
60100028,547.8105259,841.9718819,935.558037,775.5190423,416.8541042
60100022,547.8105259,841.9718819,935.558037,775.5190423,416.8541042
60100027,547.8105259,841.9718819,935.558037,775.5190423,416.8541042
60100019,547.8105259,841.9718819,935.558037,775.5190423,416.8541042
60100024,547.8105259,841.9718819,935.558037,775.5190423,416.8541042
60100026,547.8105259,841.9718819,935.558037,775.5190423,416.8541042
60100021,547.8105259,841.9718819,935.558037,775.5190423,416.8541042
60100030,534.009074,824.3464439,897.5554608,751.5751558,408.8785128
1760100004,534.009074,824.3464439,897.5554608,751.5751558,408.8785128
60100032,537.8902969,849.5513892,923.4937673,758.9230767,415.1405716
60112008,589.5713613,765.3196645,909.1381483,752.7954844,413.3194858
60112016,589.5713613,765.3196645,909.1381483,752.7954844,413.3194858
60100092,532.9944293,830.0751727,900.3710902,770.9566525,412.5425316
60100090,532.9944293,830.0751727,900.3710902,770.9566525,412.5425316
60100095,532.9944293,830.0751727,900.3710902,770.9566525,412.5425316
60100088,532.9944293,830.0751727,900.3710902,770.9566525,412.5425316
60100093,532.9944293,830.0751727,900.3710902,770.9566525,412.5425316
60100096,532.9944293,830.0751727,900.3710902,770.9566525,412.5425316
60100091,532.9944293,830.0751727,900.3710902,770.9566525,412.5425316
60100102,540.0183635,817.9508581,902.1630932,758.4543829,399.0553927
60100099,540.0183635,817.9508581,902.1630932,758.4543829,399.0553927
60100104,540.0183635,817.9508581,902.1630932,758.4543829,399.0553927
60100098,540.0183635,817.9508581,902.1630932,758.4543829,399.0553927
60100100,540.0183635,817.9508581,902.1630932,758.4543829,399.0553927
60100101,540.0183635,817.9508581,902.1630932,758.4543829,399.0553927
60100103,540.0183635,817.9508581,902.1630932,758.4543829,399.0553927
60100089,540.6929153,820.0101774,915.567179,767.5522201,405.4182335
60100094,540.6929153,820.0101774,915.567179,767.5522201,405.4182335
60100097,540.6929153,820.0101774,915.567179,767.5522201,405.4182335
60126005,543.9789019,841.4216499,922.1975043,770.3594255,396.9498523
60126016,543.9789019,841.4216499,922.1975043,770.3594255,396.9498523
1860134001,543.9789019,841.4216499,922.1975043,770.3594255,396.9498523
60126014,543.9789019,841.4216499,922.1975043,770.3594255,396.9498523
60126009,543.9789019,841.4216499,922.1975043,770.3594255,396.9498523
1760126001,543.9789019,841.4216499,922.1975043,770.3594255,396.9498523
60126008,543.9789019,841.4216499,922.1975043,770.3594255,396.9498523
60126003,543.9789019,841.4216499,922.1975043,770.3594255,396.9498523
60126015,543.9789019,841.4216499,922.1975043,770.3594255,396.9498523
60126017,543.9789019,841.4216499,922.1975043,770.3594255,396.9498523
60126002,543.9789019,841.4216499,922.1975043,770.3594255,396.9498523
60126019,543.9789019,841.4216499,922.1975043,770.3594255,396.9498523
60126007,560.4917473,856.0600345,938.4642353,769.7743916,398.7916843
60126018,560.4917473,856.0600345,938.4642353,769.7743916,398.7916843
60126001,560.4917473,856.0600345,938.4642353,769.7743916,398.7916843
60126013,560.4917473,856.0600345,938.4642353,769.7743916,398.7916843
60126021,560.4917473,856.0600345,938.4642353,769.7743916,398.7916843
1760126003,560.4917473,856.0600345,938.4642353,769.7743916,398.7916843
60126020,560.4917473,856.0600345,938.4642353,769.7743916,398.7916843
60130013,582.6891119,799.1311312,950.3340697,748.0986342,405.2259116
60126011,560.4917473,856.0600345,938.4642353,769.7743916,398.7916843
60126004,560.4917473,856.0600345,938.4642353,769.7743916,398.7916843
60126010,560.4917473,856.0600345,938.4642353,769.7743916,398.7916843
1860134002,560.4917473,856.0600345,938.4642353,769.7743916,398.7916843
60126027,559.9719193,844.0293951,936.8502777,811.81081,404.6398682
60126025,563.0700388,837.9749401,937.0610827,811.2964825,403.8755693
60126037,559.9719193,844.0293951,936.8502777,811.81081,404.6398682
60126031,559.9719193,844.0293951,936.8502777,811.81081,404.6398682
60126036,559.9719193,844.0293951,936.8502777,811.81081,404.6398682
60126029,559.9719193,844.0293951,936.8502777,811.81081,404.6398682
60126035,559.9719193,844.0293951,936.8502777,811.81081,404.6398682
60126032,559.9719193,844.0293951,936.8502777,811.81081,404.6398682
60126022,559.9719193,844.0293951,936.8502777,811.81081,404.6398682
60126023,559.9719193,844.0293951,936.8502777,811.81081,404.6398682
60126028,559.9719193,844.0293951,936.8502777,811.81081,404.6398682
60126034,559.9719193,844.0293951,936.8502777,811.81081,404.6398682
60126026,559.9719193,844.0293951,936.8502777,811.81081,404.6398682
60126033,559.9719193,844.0293951,936.8502777,811.81081,404.6398682
60126024,559.9719193,844.0293951,936.8502777,811.81081,404.6398682
60126030,559.9719193,844.0293951,936.8502777,811.81081,404.6398682
60130011,582.6891119,799.1311312,950.3340697,748.0986342,405.2259116
60130010,582.6891119,799.1311312,950.3340697,748.0986342,405.2259116
60130015,582.6891119,799.1311312,950.3340697,748.0986342,405.2259116
60130006,583.9413533,805.0082712,944.5726444,743.1361953,410.711989
60126042,563.0700388,837.9749401,937.0610827,811.2964825,403.8755693
1760126004,563.0700388,837.9749401,937.0610827,811.2964825,403.8755693
60130020,586.6394598,796.240824,945.7570202,740.9388737,406.7112642
60130016,588.9629915,784.8618088,904.5632876,715.0216235,407.1508807
60130018,588.9629915,784.8618088,904.5632876,715.0216235,407.1508807
60130019,588.9629915,784.8618088,904.5632876,715.0216235,407.1508807
60130017,605.740558,803.9284067,917.4581819,754.0007918,423.4764874
60100086,580.1119671,793.0599649,941.9748379,762.3266799,401.6176233
60130007,588.9629915,784.8618088,904.5632876,715.0216235,407.1508807
60130009,588.9629915,784.8618088,904.5632876,715.0216235,407.1508807
60130008,588.9629915,784.8618088,904.5632876,715.0216235,407.1508807
60130012,594.1118114,784.565428,891.400514,704.4566907,402.2111482
60130004,588.9629915,784.8618088,904.5632876,715.0216235,407.1508807
60130005,588.9629915,784.8618088,904.5632876,715.0216235,407.1508807
1760130001,590.1759181,776.6880759,890.0577306,701.1979194,403.4851176
60100072,580.1119671,793.0599649,941.9748379,762.3266799,401.6176233
60100075,580.1119671,793.0599649,941.9748379,762.3266799,401.6176233
60100078,580.1119671,793.0599649,941.9748379,762.3266799,401.6176233
60100085,580.1119671,793.0599649,941.9748379,762.3266799,401.6176233
60100076,580.1119671,793.0599649,941.9748379,762.3266799,401.6176233
60100081,580.1119671,793.0599649,941.9748379,762.3266799,401.6176233
60130014,586.6394598,796.240824,945.7570202,740.9388737,406.7112642
60140004,586.2400248,768.8107238,888.7149472,697.9391481,404.759087
60100071,573.8432689,801.473305,924.4434227,769.1728228,408.6347526
60100080,580.1119671,793.0599649,941.9748379,762.3266799,401.6176233
60100083,580.1119671,793.0599649,941.9748379,762.3266799,401.6176233
60100079,580.1119671,793.0599649,941.9748379,762.3266799,401.6176233
60140023,583.4135671,803.8965294,922.2050629,756.0386536,393.4211134
60140024,583.4135671,803.8965294,922.2050629,756.0386536,393.4211134
60140026,583.4135671,803.8965294,922.2050629,756.0386536,393.4211134
60100001,583.4135671,803.8965294,922.2050629,756.0386536,393.4211134
60140022,583.4135671,803.8965294,922.2050629,756.0386536,393.4211134
60140025,583.4135671,803.8965294,922.2050629,756.0386536,393.4211134
60140020,575.6526194,778.7896173,908.7334599,746.7348405,393.5661063
60140001,590.6454651,824.0422964,936.657686,767.5931719,404.9898745
60140007,575.6526194,778.7896173,908.7334599,746.7348405,393.5661063
60140017,579.5330932,791.3430734,915.4692614,751.386747,393.4936098
60140002,579.5330932,791.3430734,915.4692614,751.386747,393.4936098
60100087,563.7320578,799.3172498,929.0184841,757.5136745,398.2455328
60140013,579.5330932,791.3430734,915.4692614,751.386747,393.4936098
60140027,583.4135671,803.8965294,922.2050629,756.0386536,393.4211134
60100074,563.7320578,799.3172498,929.0184841,757.5136745,398.2455328
60140029,575.6526194,778.7896173,908.7334599,746.7348405,393.5661063
60140009,575.6526194,778.7896173,908.7334599,746.7348405,393.5661063
60100082,563.7320578,799.3172498,929.0184841,757.5136745,398.2455328
60140006,583.4135671,803.8965294,922.2050629,756.0386536,393.4211134
60140011,583.4135671,803.8965294,922.2050629,756.0386536,393.4211134
60140015,575.6526194,778.7896173,908.7334599,746.7348405,393.5661063
60140003,583.4135671,803.8965294,922.2050629,756.0386536,393.4211134
60140010,575.6526194,778.7896173,908.7334599,746.7348405,393.5661063
60100073,563.7320578,799.3172498,929.0184841,757.5136745,398.2455328
60100077,563.7320578,799.3172498,929.0184841,757.5136745,398.2455328
60100084,568.2918332,796.5540053,925.6915032,755.8030714,399.359129
60140028,583.4246042,767.9603276,892.5587643,744.1930764,385.102093
60112002,573.685039,764.271329,921.4619583,738.9441886,408.9472644
60112005,573.685039,764.271329,921.4619583,738.9441886,408.9472644
60112009,573.685039,764.271329,921.4619583,738.9441886,408.9472644
60112013,573.685039,764.271329,921.4619583,738.9441886,408.9472644
60112020,573.685039,764.271329,921.4619583,738.9441886,408.9472644
60140005,583.4246042,767.9603276,892.5587643,744.1930764,385.102093
60112014,573.685039,764.271329,921.4619583,738.9441886,408.9472644
60140030,583.4246042,767.9603276,892.5587643,744.1930764,385.102093
60112018,573.685039,764.271329,921.4619583,738.9441886,408.9472644
1860115001,573.685039,764.271329,921.4619583,738.9441886,408.9472644
60140021,563.7226362,742.2608008,875.5841825,725.9919111,377.06875
60112023,573.685039,764.271329,921.4619583,738.9441886,408.9472644
60112025,573.685039,764.271329,921.4619583,738.9441886,408.9472644
60112012,568.2226075,753.0512865,905.1605502,725.8460717,405.3457161
60112024,562.7601759,741.831244,888.8591422,712.7479547,401.7441678
60112021,562.7601759,741.831244,888.8591422,712.7479547,401.7441678
60112015,562.7601759,741.831244,888.8591422,712.7479547,401.7441678
60100063,583.1835383,779.2990777,922.5114568,749.0231494,404.8283846
60100069,583.1835383,779.2990777,922.5114568,749.0231494,404.8283846
60100067,583.1835383,779.2990777,922.5114568,749.0231494,404.8283846
60100064,583.1835383,779.2990777,922.5114568,749.0231494,404.8283846
60112006,562.7601759,741.831244,888.8591422,712.7479547,401.7441678
60100065,583.1835383,779.2990777,922.5114568,749.0231494,404.8283846
60100066,583.1835383,779.2990777,922.5114568,749.0231494,404.8283846
60100070,583.1835383,779.2990777,922.5114568,749.0231494,404.8283846
60126038,583.1835383,779.2990777,922.5114568,749.0231494,404.8283846
1860101002,612.2406948,819.1435192,948.4130733,781.7931884,405.8239325
60112001,562.7601759,741.831244,888.8591422,712.7479547,401.7441678
60112019,562.7601759,741.831244,888.8591422,712.7479547,401.7441678
60100036,584.2084588,785.0402696,923.7671924,744.6517604,410.7955061
60100034,584.2084588,785.0402696,923.7671924,744.6517604,410.7955061
60100042,547.3039382,777.7728009,771.1039077,711.7910656,419.2162383
60100047,584.2084588,785.0402696,923.7671924,744.6517604,410.7955061
60100040,584.2084588,785.0402696,923.7671924,744.6517604,410.7955061
60100037,584.2084588,785.0402696,923.7671924,744.6517604,410.7955061
60100044,584.2084588,785.0402696,923.7671924,744.6517604,410.7955061
60100038,584.2084588,785.0402696,923.7671924,744.6517604,410.7955061
60100039,584.2084588,785.0402696,923.7671924,744.6517604,410.7955061
60100043,583.1835383,779.2990777,922.5114568,749.0231494,404.8283846
60100045,584.2084588,785.0402696,923.7671924,744.6517604,410.7955061
60100048,584.2084588,785.0402696,923.7671924,744.6517604,410.7955061
60100050,584.2084588,785.0402696,923.7671924,744.6517604,410.7955061
60100051,584.2084588,785.0402696,923.7671924,744.6517604,410.7955061
60100046,584.2084588,785.0402696,923.7671924,744.6517604,410.7955061
60100035,584.2084588,785.0402696,923.7671924,744.6517604,410.7955061
60100041,584.2084588,785.0402696,923.7671924,744.6517604,410.7955061
60100049,584.2084588,785.0402696,923.7671924,744.6517604,410.7955061
1760112001,562.7601759,741.831244,888.8591422,712.7479547,401.7441678
60112011,562.7601759,741.831244,888.8591422,712.7479547,401.7441678
60112004,569.7309419,751.7582756,897.1673875,712.6527933,405.2371958
60112010,550.4033878,736.4192191,793.8924724,701.3817592,374.8864366
1760100002,584.4712217,779.6760206,928.7892835,732.2319182,397.8935835
60112022,569.7309419,751.7582756,897.1673875,712.6527933,405.2371958
60112017,562.7601759,741.831244,888.8591422,712.7479547,401.7441678
1760100001,612.2406948,819.1435192,948.4130733,781.7931884,405.8239325
60100061,584.4712217,779.6760206,928.7892835,732.2319182,397.8935835
60100055,584.4712217,779.6760206,928.7892835,732.2319182,397.8935835
60100062,584.4712217,779.6760206,928.7892835,732.2319182,397.8935835
60100056,584.4712217,779.6760206,928.7892835,732.2319182,397.8935835
60100059,584.4712217,779.6760206,928.7892835,732.2319182,397.8935835
60100054,584.4712217,779.6760206,928.7892835,732.2319182,397.8935835
60100053,584.4712217,779.6760206,928.7892835,732.2319182,397.8935835
60100060,584.4712217,779.6760206,928.7892835,732.2319182,397.8935835
60100058,584.4712217,779.6760206,928.7892835,732.2319182,397.8935835
60100057,584.4712217,779.6760206,928.7892835,732.2319182,397.8935835
1860136001,581.7428432,757.3682365,908.2938783,715.0498419,398.9827912
1860136002,581.7428432,757.3682365,908.2938783,715.0498419,398.9827912
1860136003,581.7428432,757.3682365,908.2938783,715.0498419,398.9827912
60112003,662.9972684,816.143754,882.1021595,698.8407944,474.862813
60100008,581.7428432,757.3682365,908.2938783,715.0498419,398.9827912
60100012,581.7428432,757.3682365,908.2938783,715.0498419,398.9827912
60100013,581.7428432,757.3682365,908.2938783,715.0498419,398.9827912
60100011,581.7428432,757.3682365,908.2938783,715.0498419,398.9827912
60100014,581.7428432,757.3682365,908.2938783,715.0498419,398.9827912
60100015,581.7428432,757.3682365,908.2938783,715.0498419,398.9827912
60100010,581.7428432,757.3682365,908.2938783,715.0498419,398.9827912
60100052,604.9484851,803.1167674,953.7610797,773.7555113,416.0508905
60100006,581.7428432,757.3682365,908.2938783,715.0498419,398.9827912
60100003,581.7428432,757.3682365,908.2938783,715.0498419,398.9827912
60100007,581.7428432,757.3682365,908.2938783,715.0498419,398.9827912
60100016,581.7428432,757.3682365,908.2938783,715.0498419,398.9827912
60100004,581.7428432,757.3682365,908.2938783,715.0498419,398.9827912
60100002,581.7428432,757.3682365,908.2938783,715.0498419,398.9827912
60100009,581.7428432,757.3682365,908.2938783,715.0498419,398.9827912
60100005,581.7428432,757.3682365,908.2938783,715.0498419,398.9827912
60119006,642.1608641,813.2939382,906.7937938,739.6777473,438.6139642
60119023,619.1635132,797.7674823,883.6002216,722.7697313,419.8500493
60119025,581.2034187,775.2383845,922.8669112,746.1891291,412.7807335
60119017,581.2034187,775.2383845,922.8669112,746.1891291,412.7807335
60119022,581.2034187,775.2383845,922.8669112,746.1891291,412.7807335
60119011,581.2034187,775.2383845,922.8669112,746.1891291,412.7807335
60119012,581.2034187,775.2383845,922.8669112,746.1891291,412.7807335
60119005,581.2034187,775.2383845,922.8669112,746.1891291,412.7807335
60119004,581.2034187,775.2383845,922.8669112,746.1891291,412.7807335
60119009,581.2034187,775.2383845,922.8669112,746.1891291,412.7807335
60119003,581.2034187,775.2383845,922.8669112,746.1891291,412.7807335
60119016,581.2034187,775.2383845,922.8669112,746.1891291,412.7807335
60119021,584.6061535,778.9923422,927.8263801,748.9418121,409.206047
60119020,584.6061535,778.9923422,927.8263801,748.9418121,409.206047
60119008,584.6061535,778.9923422,927.8263801,748.9418121,409.206047
60119013,584.6061535,778.9923422,927.8263801,748.9418121,409.206047
60119002,905.7184708,1405.615699,1800.842553,1444.555365,1579.742809
20206011,591.2561374,797.5151432,840.0434089,743.0330883,438.9969519
20206058,477.1563377,799.6450179,881.4443479,788.1915898,445.6312147
1740239003,0,0,0,0,0
40137019,1227.866583,1011.036754,1237.690021,1133.558549,1271.461809
40137014,1227.866583,1011.036754,1237.690021,1133.558549,1271.461809
40137008,1227.866583,1011.036754,1237.690021,1133.558549,1271.461809
40137001,1227.866583,1011.036754,1237.690021,1133.558549,1271.461809
40137018,1227.866583,1011.036754,1237.690021,1133.558549,1271.461809
40137005,1227.866583,1011.036754,1237.690021,1133.558549,1271.461809
40137012,1227.866583,1011.036754,1237.690021,1133.558549,1271.461809
1840133004,1227.866583,1011.036754,1237.690021,1133.558549,1271.461809
1840133002,1255.564906,1052.584455,1273.114434,1175.162924,1310.273228
40223020,1023.950072,991.7335716,1115.766511,1104.767436,1171.012333
40223005,1023.950072,991.7335716,1115.766511,1104.767436,1171.012333
40223008,1023.950072,991.7335716,1115.766511,1104.767436,1171.012333
40223021,1023.950072,991.7335716,1115.766511,1104.767436,1171.012333
40231019,971.0901234,907.6772644,1070.955942,1044.874868,1050.551919
40231013,971.0901234,907.6772644,1070.955942,1044.874868,1050.551919
40235018,1058.995971,940.5735461,1180.939487,1109.460565,1161.769583
40235001,1058.995971,940.5735461,1180.939487,1109.460565,1161.769583
40235008,1058.995971,940.5735461,1180.939487,1109.460565,1161.769583
1740335001,1058.995971,940.5735461,1180.939487,1109.460565,1161.769583
40235002,1058.995971,940.5735461,1180.939487,1109.460565,1161.769583
40235009,1058.995971,940.5735461,1180.939487,1109.460565,1161.769583
1740335002,1058.995971,940.5735461,1180.939487,1109.460565,1161.769583
40235014,1058.995971,940.5735461,1180.939487,1109.460565,1161.769583
1840331001,1058.995971,940.5735461,1180.939487,1109.460565,1161.769583
40235010,1058.995971,940.5735461,1180.939487,1109.460565,1161.769583
40235017,1058.995971,940.5735461,1180.939487,1109.460565,1161.769583
30103002,828.9946713,819.2204379,1099.104654,937.7618652,1122.870706
30103016,828.9946713,819.2204379,1099.104654,937.7618652,1122.870706
30103020,828.9946713,819.2204379,1099.104654,937.7618652,1122.870706
50214003,1059.136512,1079.988091,1431.630953,1321.125565,1327.220065
1750214016,1059.136512,1079.988091,1431.630953,1321.125565,1327.220065
50214009,1059.136512,1079.988091,1431.630953,1321.125565,1327.220065
50214014,1059.136512,1079.988091,1431.630953,1321.125565,1327.220065
50214019,1059.136512,1079.988091,1431.630953,1321.125565,1327.220065
1830129001,822.3770512,799.9434924,1150.3427,945.4935262,1139.533533
50141004,989.969591,994.28351,1198.900023,1018.444807,1030.191753
20206008,1046.625633,1245.750797,1574.434446,1047.984004,913.7815779
20206003,1046.625633,1245.750797,1574.434446,1047.984004,913.7815779
20106072,1020.582686,1197.934409,1518.892757,1025.60656,873.8982134
20106065,1020.582686,1197.934409,1518.892757,1025.60656,873.8982134
10117012,1028.239338,1161.522232,1513.702744,1066.414226,805.3584611
1810104004,1028.239338,1161.522232,1513.702744,1066.414226,805.3584611
1720106008,1002.678436,1196.612427,1574.972971,970.5706742,807.2858545
20106044,1002.678436,1196.612427,1574.972971,970.5706742,807.2858545
20106035,1002.678436,1196.612427,1574.972971,970.5706742,807.2858545
20106040,1002.678436,1196.612427,1574.972971,970.5706742,807.2858545
20206075,1001.282091,1154.188703,1478.957697,1004.561901,779.3640715
20106007,984.4781798,1110.218263,1424.756187,931.2762193,741.2394711
1820106004,970.0275376,1090.114539,1397.80995,920.1003067,715.4022905
1720106006,970.0275376,1090.114539,1397.80995,920.1003067,715.4022905
1720106019,970.0275376,1090.114539,1397.80995,920.1003067,715.4022905
10118022,927.4132363,947.341397,1262.183521,912.0099967,740.8099804
10118026,927.4132363,947.341397,1262.183521,912.0099967,740.8099804
10118017,927.4132363,947.341397,1262.183521,912.0099967,740.8099804
10118014,943.341049,946.5642362,1282.02793,910.7150707,732.4950711
10118019,943.341049,946.5642362,1282.02793,910.7150707,732.4950711
10118025,943.341049,946.5642362,1282.02793,910.7150707,732.4950711
30238009,965.3259012,905.6962851,1305.000238,836.2038955,799.582183
10208004,731.0074546,982.243057,1182.428876,824.074228,587.0891807
10208015,731.0074546,982.243057,1182.428876,824.074228,587.0891807
10208016,731.0074546,982.243057,1182.428876,824.074228,587.0891807
20206066,774.6611593,931.2849817,1120.590684,725.283785,521.9651264
1710201004,684.786243,935.4630632,1068.905649,786.9497764,511.9224206
10201001,684.786243,935.4630632,1068.905649,786.9497764,511.9224206
10201007,684.786243,935.4630632,1068.905649,786.9497764,511.9224206
1710232002,578.7122799,837.6234797,992.5295812,713.5088658,457.1086798
10232019,578.7122799,837.6234797,992.5295812,713.5088658,457.1086798
10232016,578.7122799,837.6234797,992.5295812,713.5088658,457.1086798
60205020,521.2425378,741.5758023,895.8027555,711.2309318,407.8555565
60205010,521.2425378,741.5758023,895.8027555,711.2309318,407.8555565
60205016,521.2425378,741.5758023,895.8027555,711.2309318,407.8555565
60202003,572.4852598,802.0894824,884.7317769,703.4242166,427.289863
60202012,572.4852598,802.0894824,884.7317769,703.4242166,427.289863
1760100003,612.0697747,809.6474321,867.6914867,693.8422567,464.7096935
60222019,572.7385696,837.789086,952.9177086,820.8388898,414.6886011
60222017,572.7385696,837.789086,952.9177086,820.8388898,414.6886011
60222009,572.7385696,837.789086,952.9177086,820.8388898,414.6886011
60222003,572.7385696,837.789086,952.9177086,820.8388898,414.6886011
60222007,572.7385696,837.789086,952.9177086,820.8388898,414.6886011
60222020,572.7385696,837.789086,952.9177086,820.8388898,414.6886011
1860219001,572.7385696,837.789086,952.9177086,820.8388898,414.6886011
60100031,538.3178564,838.1589494,914.5773723,762.3741513,414.5545594
60100033,538.3178564,838.1589494,914.5773723,762.3741513,414.5545594
60126012,542.8600363,826.040138,913.4842782,763.3999656,397.6007066
60126006,542.8600363,826.040138,913.4842782,763.3999656,397.6007066
1860134003,553.0264963,845.4298167,938.9407868,808.2720351,404.0809541
60126041,567.8572444,837.3680646,935.7714061,806.3604275,408.8641635
60130022,585.3213702,794.1367561,924.1217844,729.4961947,407.7473352
1760126002,567.8572444,837.3680646,935.7714061,806.3604275,408.8641635
60130001,585.3213702,794.1367561,924.1217844,729.4961947,407.7473352
60130002,585.3213702,794.1367561,924.1217844,729.4961947,407.7473352
60130003,585.3213702,794.1367561,924.1217844,729.4961947,407.7473352
60126040,567.8572444,837.3680646,935.7714061,806.3604275,408.8641635
60126039,567.8572444,837.3680646,935.7714061,806.3604275,408.8641635
60130021,580.7127197,797.5601512,939.9908685,738.6170739,405.4971611
60140014,583.9410104,786.7394353,909.4829197,758.7778829,391.4140735
60140016,583.9410104,786.7394353,909.4829197,758.7778829,391.4140735
60140031,597.8328083,823.7260661,936.0163552,777.2511074,403.3670067
60140018,583.9410104,786.7394353,909.4829197,758.7778829,391.4140735
60112007,574.7917045,759.8108362,911.5535353,722.3369924,407.6082952
60100068,584.7404946,769.7017871,919.9071576,732.1823474,402.3006987
60119019,577.0976462,783.2711318,928.0948534,739.6391038,412.0531785
60119024,577.0976462,783.2711318,928.0948534,739.6391038,412.0531785
60119001,574.5820068,768.9951981,914.6099381,743.5880433,404.8165785
60119007,574.5820068,768.9951981,914.6099381,743.5880433,404.8165785
60119014,574.5820068,768.9951981,914.6099381,743.5880433,404.8165785
60119010,574.5820068,768.9951981,914.6099381,743.5880433,404.8165785
1760119002,574.5820068,768.9951981,914.6099381,743.5880433,404.8165785
60119018,574.5820068,768.9951981,914.6099381,743.5880433,404.8165785
1760119001,574.5820068,768.9951981,914.6099381,743.5880433,404.8165785
60119015,596.226018,731.8818364,823.9344211,689.61287,392.7619294
1720106004,318.6008734,495.0556536,771.0171296,445.2584349,251.6611186
1720106011,318.6008734,495.0556536,771.0171296,445.2584349,251.6611186
1750216001,318.6008734,495.0556536,771.0171296,445.2584349,251.6611186
